time step, number of clusters, number of active clusters, number of cells, number of particles, number of tokens, total internal energy, total kinetic energy
2, 1304, 9, 39393, 0, 9, 4.01433e+06, 0.0542622
84, 1271, 9, 39364, 55, 9, 4.01433e+06, 0.0680896
174, 1272, 10, 39365, 81, 10, 4.01433e+06, 0.0677492
272, 1275, 10, 39357, 96, 10, 4.01433e+06, 0.0752322
366, 1278, 11, 39351, 115, 11, 4.01433e+06, 0.0930178
460, 1280, 10, 39340, 114, 10, 4.01433e+06, 0.106552
554, 1281, 10, 39338, 101, 10, 4.01433e+06, 0.113488
651, 1281, 10, 39336, 104, 10, 4.01433e+06, 0.130333
746, 1280, 10, 39333, 96, 10, 4.01433e+06, 0.138064
840, 1282, 11, 39332, 119, 11, 4.01433e+06, 0.150422
935, 1282, 11, 39331, 115, 11, 4.01433e+06, 0.17038
1003, 1282, 11, 39332, 138, 11, 4.01433e+06, 0.182463
1032, 1282, 11, 39328, 143, 11, 4.01433e+06, 0.185504
1128, 1285, 12, 39317, 152, 12, 4.01433e+06, 0.204272
1222, 1284, 12, 39307, 149, 12, 4.01433e+06, 0.231211
1319, 1285, 12, 39304, 150, 12, 4.01433e+06, 0.260953
1414, 1286, 12, 39301, 142, 12, 4.01433e+06, 0.293826
1508, 1287, 12, 39293, 151, 12, 4.01433e+06, 0.326086
1603, 1286, 12, 39289, 137, 12, 4.01433e+06, 0.366395
1700, 1289, 13, 39282, 168, 13, 4.01433e+06, 0.401685
1794, 1289, 13, 39278, 149, 13, 4.01433e+06, 0.441061
1889, 1290, 13, 39275, 172, 13, 4.01433e+06, 0.477041
1987, 1291, 13, 39251, 166, 13, 4.01433e+06, 0.523185
2002, 1291, 13, 39250, 171, 13, 4.01433e+06, 0.529625
2082, 1290, 13, 39240, 171, 13, 4.01433e+06, 0.549122
2177, 1292, 13, 39217, 158, 13, 4.01433e+06, 0.583386
2271, 1290, 13, 39203, 161, 13, 4.01433e+06, 0.623914
2369, 1292, 13, 39187, 159, 13, 4.01433e+06, 0.668739
2464, 1292, 13, 39166, 167, 13, 4.01433e+06, 0.694519
2559, 1295, 13, 39140, 176, 13, 4.01433e+06, 0.722031
2654, 1297, 14, 39092, 165, 14, 4.01433e+06, 0.737155
2750, 1303, 14, 39069, 167, 14, 4.01433e+06, 0.719067
2845, 1305, 14, 39034, 172, 14, 4.01433e+06, 0.724232
2940, 1304, 13, 38994, 172, 13, 4.01433e+06, 0.729688
3001, 1306, 13, 38972, 166, 13, 4.01433e+06, 0.727867
3037, 1303, 13, 38965, 166, 13, 4.01433e+06, 0.727532
3132, 1300, 13, 38938, 172, 13, 4.01433e+06, 0.743169
3227, 1298, 14, 38927, 187, 14, 4.01433e+06, 0.769601
3321, 1299, 14, 38909, 189, 14, 4.01433e+06, 0.790162
3419, 1303, 14, 38883, 194, 14, 4.01433e+06, 0.815984
3514, 1300, 14, 38863, 216, 14, 4.01433e+06, 0.834011
3608, 1305, 16, 38821, 237, 16, 4.01433e+06, 0.852065
3703, 1309, 16, 38804, 212, 16, 4.01433e+06, 0.879045
3797, 1318, 17, 38780, 210, 17, 4.01433e+06, 0.912277
3895, 1323, 17, 38745, 204, 17, 4.01433e+06, 0.943483
3990, 1326, 18, 38734, 209, 18, 4.01433e+06, 0.96944
4003, 1326, 18, 38733, 206, 18, 4.01433e+06, 0.976702
4089, 1328, 18, 38714, 193, 18, 4.01433e+06, 1.00451
4184, 1326, 18, 38696, 195, 18, 4.01433e+06, 1.04437
4278, 1331, 20, 38665, 199, 20, 4.01433e+06, 1.08127
4372, 1331, 21, 38625, 208, 21, 4.01433e+06, 1.10449
4467, 1341, 21, 38574, 227, 21, 4.01433e+06, 1.11799
4564, 1343, 21, 38521, 214, 21, 4.01433e+06, 1.13182
4660, 1344, 22, 38494, 229, 22, 4.01433e+06, 1.15245
4755, 1341, 22, 38473, 250, 22, 4.01433e+06, 1.17048
4851, 1340, 23, 38459, 253, 23, 4.01433e+06, 1.19341
4906, 1342, 25, 38449, 254, 25, 4.01433e+06, 1.2067
4938, 1342, 23, 38443, 245, 23, 4.01433e+06, 1.21437
5003, 1344, 23, 38409, 261, 23, 4.01433e+06, 1.23694
5032, 1349, 22, 38394, 254, 22, 4.01433e+06, 1.24973
5127, 1351, 22, 38347, 247, 22, 4.01433e+06, 1.2958
5223, 1356, 23, 38322, 251, 23, 4.01433e+06, 1.32998
5320, 1354, 23, 38288, 276, 23, 4.01433e+06, 1.36221
5330, 1358, 23, 38285, 284, 23, 4.01433e+06, 1.36619
5358, 1361, 24, 38281, 273, 24, 4.01433e+06, 1.37907
5442, 1363, 25, 38255, 274, 25, 4.01433e+06, 1.40924
5538, 1362, 25, 38232, 296, 25, 4.01433e+06, 1.45466
5636, 1367, 25, 38200, 290, 25, 4.01433e+06, 1.50381
5731, 1371, 26, 38172, 285, 26, 4.01433e+06, 1.54429
5826, 1378, 28, 38145, 331, 28, 4.01433e+06, 1.60282
5922, 1385, 28, 38128, 323, 28, 4.01433e+06, 1.66861
6001, 1384, 29, 38103, 316, 29, 4.01433e+06, 1.69779
6020, 1381, 29, 38097, 317, 29, 4.01433e+06, 1.70627
6116, 1382, 29, 38080, 339, 29, 4.01433e+06, 1.77427
6211, 1385, 29, 38050, 355, 29, 4.01433e+06, 1.83651
6309, 1394, 32, 38022, 357, 32, 4.01433e+06, 1.90424
6404, 1393, 32, 37977, 383, 32, 4.01433e+06, 1.96711
6499, 1390, 32, 37957, 385, 32, 4.01433e+06, 2.0222
6597, 1393, 33, 37922, 420, 33, 4.01433e+06, 2.07223
6693, 1396, 33, 37861, 421, 33, 4.01433e+06, 2.15338
6788, 1396, 33, 37827, 444, 33, 4.01433e+06, 2.2331
6886, 1401, 35, 37799, 450, 35, 4.01433e+06, 2.32422
6982, 1402, 36, 37762, 446, 36, 4.01433e+06, 2.42809
7002, 1397, 36, 37755, 449, 36, 4.01433e+06, 2.44522
7077, 1402, 39, 37746, 471, 39, 4.01433e+06, 2.52999
7172, 1398, 39, 37721, 499, 39, 4.01433e+06, 2.60977
7268, 1400, 39, 37711, 527, 39, 4.01433e+06, 2.68859
7363, 1406, 40, 37707, 562, 40, 4.01433e+06, 2.77173
7460, 1400, 40, 37690, 579, 40, 4.01433e+06, 2.8901
7556, 1399, 40, 37673, 589, 40, 4.01433e+06, 3.03415
7654, 1404, 40, 37641, 577, 40, 4.01433e+06, 3.14585
7749, 1410, 42, 37609, 584, 42, 4.01433e+06, 3.21089
7843, 1416, 44, 37590, 644, 44, 4.01433e+06, 3.30176
7939, 1422, 45, 37568, 683, 45, 4.01433e+06, 3.40922
8002, 1419, 45, 37545, 711, 45, 4.01433e+06, 3.48389
8035, 1424, 45, 37533, 706, 45, 4.01433e+06, 3.53103
8132, 1419, 47, 37498, 747, 47, 4.01433e+06, 3.6713
8226, 1422, 50, 37478, 711, 50, 4.01433e+06, 3.81892
8324, 1419, 51, 37439, 720, 51, 4.01433e+06, 3.94666
8419, 1420, 52, 37413, 773, 52, 4.01433e+06, 4.09285
8514, 1430, 53, 37374, 802, 53, 4.01433e+06, 4.22376
8608, 1431, 53, 37341, 807, 53, 4.01433e+06, 4.36598
8702, 1440, 54, 37327, 755, 54, 4.01433e+06, 4.48851
8799, 1444, 54, 37312, 812, 54, 4.01433e+06, 4.64128
8895, 1450, 55, 37288, 812, 55, 4.01432e+06, 4.81466
8991, 1456, 55, 37255, 804, 55, 4.01432e+06, 4.98773
9002, 1455, 55, 37254, 802, 55, 4.01432e+06, 5.00338
9087, 1464, 56, 37220, 804, 56, 4.01432e+06, 5.13414
9184, 1470, 56, 37183, 797, 56, 4.01432e+06, 5.29779
9280, 1469, 56, 37137, 841, 56, 4.01432e+06, 5.4212
9378, 1471, 57, 37104, 842, 57, 4.01432e+06, 5.60114
9474, 1465, 58, 37095, 881, 58, 4.01432e+06, 5.73133
9570, 1468, 59, 37079, 860, 59, 4.01432e+06, 5.85676
9665, 1474, 62, 37064, 902, 62, 4.01432e+06, 6.0348
9760, 1478, 64, 37041, 922, 64, 4.01432e+06, 6.18625
9832, 1483, 64, 37030, 928, 64, 4.01432e+06, 6.29782
9909, 1485, 64, 37029, 932, 64, 4.01432e+06, 6.38801
9965, 1488, 64, 37012, 950, 64, 4.01432e+06, 6.41671
10002, 1487, 64, 37008, 931, 64, 4.01432e+06, 6.46461
10044, 1489, 66, 36998, 975, 66, 4.01432e+06, 6.51956
10126, 1493, 66, 36985, 978, 66, 4.01432e+06, 6.63432
10179, 1498, 68, 36982, 989, 68, 4.01432e+06, 6.69113
10269, 1503, 68, 36953, 1023, 68, 4.01432e+06, 6.81794
10364, 1514, 69, 36909, 1084, 69, 4.01432e+06, 7.03483
10461, 1516, 73, 36888, 1145, 73, 4.01432e+06, 7.1555
10556, 1515, 73, 36877, 1182, 73, 4.01432e+06, 7.39607
10655, 1520, 74, 36852, 1217, 74, 4.01432e+06, 7.61694
10750, 1529, 77, 36835, 1220, 77, 4.01432e+06, 7.82235
10844, 1536, 77, 36814, 1209, 77, 4.01432e+06, 8.03706
10938, 1536, 77, 36792, 1159, 77, 4.01432e+06, 8.24336
11002, 1534, 78, 36780, 1165, 78, 4.01432e+06, 8.40368
11034, 1539, 79, 36774, 1180, 79, 4.01432e+06, 8.47574
11128, 1543, 80, 36760, 1222, 80, 4.01432e+06, 8.68495
11221, 1549, 81, 36727, 1283, 81, 4.01432e+06, 8.92024
11315, 1555, 85, 36699, 1296, 85, 4.01432e+06, 9.15868
11413, 1553, 85, 36696, 1283, 85, 4.01432e+06, 9.41754
11506, 1554, 86, 36683, 1298, 86, 4.01432e+06, 9.67432
11600, 1560, 87, 36663, 1335, 87, 4.01432e+06, 9.93876
11693, 1570, 91, 36655, 1406, 91, 4.01432e+06, 10.1852
11789, 1579, 93, 36631, 1409, 93, 4.01432e+06, 10.4692
11882, 1588, 95, 36601, 1388, 95, 4.01432e+06, 10.6682
11975, 1592, 95, 36585, 1384, 95, 4.01432e+06, 10.7728
12003, 1592, 97, 36579, 1419, 97, 4.01432e+06, 10.7373
12067, 1599, 99, 36574, 1448, 99, 4.01432e+06, 10.8667
12163, 1601, 102, 36559, 1492, 102, 4.01432e+06, 11.0042
12256, 1601, 105, 36550, 1551, 105, 4.01432e+06, 11.0618
12348, 1615, 107, 36548, 1574, 107, 4.01432e+06, 11.0571
12441, 1622, 110, 36534, 1590, 110, 4.01432e+06, 11.2452
12536, 1637, 114, 36515, 1622, 114, 4.01432e+06, 11.4647
12628, 1645, 117, 36496, 1660, 117, 4.01432e+06, 11.5742
12718, 1657, 120, 36482, 1641, 120, 4.01432e+06, 11.8242
12810, 1658, 120, 36462, 1635, 120, 4.01432e+06, 11.9835
12900, 1670, 125, 36448, 1624, 125, 4.01432e+06, 12.2818
12990, 1679, 128, 36414, 1730, 128, 4.01432e+06, 12.5291
13003, 1677, 128, 36412, 1732, 128, 4.01432e+06, 12.4957
13079, 1684, 131, 36391, 1743, 131, 4.01432e+06, 12.7057
13167, 1683, 137, 36378, 1738, 137, 4.01432e+06, 12.9354
13255, 1702, 137, 36372, 1735, 137, 4.01432e+06, 13.1233
13342, 1714, 141, 36344, 1786, 141, 4.01432e+06, 13.2057
13431, 1728, 149, 36325, 1797, 149, 4.01432e+06, 13.3436
13521, 1737, 148, 36304, 1809, 148, 4.01432e+06, 13.3834
13609, 1753, 152, 36296, 1825, 152, 4.01432e+06, 13.6284
13696, 1762, 157, 36264, 1880, 157, 4.01422e+06, 13.858
13785, 1782, 166, 36224, 1952, 166, 4.01422e+06, 14.0556
13870, 1795, 169, 36169, 1956, 169, 4.01422e+06, 14.299
13956, 1801, 173, 36137, 2054, 173, 4.01422e+06, 14.5838
14003, 1809, 176, 36111, 2119, 176, 4.01422e+06, 14.7128
14043, 1818, 178, 36106, 2120, 178, 4.01422e+06, 14.8832
14122, 1837, 187, 36095, 2119, 187, 4.01422e+06, 15.2008
14202, 1854, 191, 36054, 2206, 191, 4.01422e+06, 15.4594
14281, 1857, 201, 36045, 2238, 201, 4.01422e+06, 15.7361
14363, 1875, 204, 36027, 2322, 204, 4.01422e+06, 16.0534
14442, 1901, 207, 36011, 2326, 207, 4.01422e+06, 16.3975
14519, 1919, 211, 35976, 2359, 211, 4.01422e+06, 16.5392
14599, 1933, 215, 35944, 2331, 215, 4.01422e+06, 16.6905
14678, 1941, 220, 35919, 2395, 220, 4.01422e+06, 17.0249
14756, 1948, 225, 35905, 2436, 225, 4.01421e+06, 17.3405
14796, 1958, 225, 35885, 2413, 225, 4.01421e+06, 17.4864
14871, 1975, 231, 35858, 2456, 231, 4.01421e+06, 17.6349
14947, 1986, 234, 35823, 2445, 234, 4.01421e+06, 17.6812
15002, 1997, 239, 35823, 2549, 239, 4.01421e+06, 17.8964
15025, 1994, 244, 35812, 2575, 244, 4.01421e+06, 17.9595
15099, 2011, 249, 35809, 2578, 249, 4.01421e+06, 18.3097
15166, 2023, 255, 35810, 2677, 255, 4.01421e+06, 18.6223
15198, 2027, 259, 35809, 2710, 259, 4.01421e+06, 18.7432
15268, 2046, 264, 35773, 2722, 264, 4.01421e+06, 18.984
15342, 2069, 265, 35734, 2750, 265, 4.01421e+06, 19.2081
15416, 2090, 271, 35680, 2765, 271, 4.01421e+06, 19.2839
15492, 2101, 277, 35633, 2830, 277, 4.01421e+06, 19.4311
15565, 2119, 285, 35619, 2817, 285, 4.01421e+06, 19.6928
15639, 2138, 289, 35568, 2783, 289, 4.01421e+06, 19.9632
15714, 2166, 300, 35546, 2798, 300, 4.01421e+06, 20.2311
15786, 2175, 311, 35518, 2903, 311, 4.01421e+06, 20.4671
15857, 2196, 318, 35503, 2961, 318, 4.01421e+06, 20.6867
15929, 2228, 325, 35476, 3028, 325, 4.01421e+06, 20.8043
16002, 2249, 329, 35447, 3142, 329, 4.01421e+06, 20.8161
16073, 2277, 334, 35430, 3193, 334, 4.01421e+06, 21.017
16143, 2289, 339, 35381, 3096, 339, 4.01421e+06, 21.1111
16214, 2313, 347, 35344, 3191, 347, 4.01421e+06, 21.3692
16285, 2355, 356, 35334, 3064, 356, 4.01421e+06, 21.5461
16352, 2371, 366, 35298, 3164, 366, 4.01421e+06, 21.6537
16420, 2402, 375, 35285, 3207, 375, 4.01421e+06, 21.7993
16490, 2409, 375, 35215, 3352, 375, 4.01421e+06, 21.9045
16557, 2416, 384, 35154, 3370, 384, 4.01421e+06, 21.9496
16625, 2437, 398, 35143, 3466, 398, 4.01421e+06, 22.0325
16693, 2462, 408, 35081, 3501, 408, 4.01421e+06, 22.0484
16758, 2517, 423, 35065, 3588, 423, 4.01421e+06, 22.0671
16823, 2534, 432, 35029, 3687, 432, 4.01421e+06, 22.0721
16887, 2568, 449, 34969, 3711, 449, 4.01421e+06, 22.1432
16952, 2593, 453, 34906, 3860, 453, 4.01421e+06, 22.1653
17002, 2617, 467, 34859, 3859, 467, 4.01421e+06, 22.2722
17017, 2613, 468, 34833, 3839, 468, 4.01421e+06, 22.3125
17081, 2637, 477, 34756, 3921, 477, 4.01421e+06, 22.4336
17145, 2653, 487, 34727, 3883, 487, 4.01421e+06, 22.6503
17209, 2672, 487, 34654, 3970, 487, 4.01421e+06, 22.7327
17275, 2709, 503, 34601, 4001, 503, 4.01421e+06, 22.866
17338, 2738, 514, 34544, 4110, 514, 4.01421e+06, 23.0031
17404, 2773, 525, 34537, 4067, 525, 4.01421e+06, 23.0318
17466, 2808, 536, 34519, 4108, 536, 4.01421e+06, 23.1417
17527, 2845, 548, 34503, 4251, 548, 4.01421e+06, 23.3645
17588, 2890, 557, 34427, 4452, 557, 4.01421e+06, 23.5523
17651, 2944, 572, 34379, 4569, 572, 4.01421e+06, 23.7636
17710, 2948, 574, 34333, 4518, 574, 4.01421e+06, 23.9122
17772, 3017, 598, 34338, 4546, 598, 4.01421e+06, 24.1272
17832, 3037, 599, 34263, 4692, 599, 4.01421e+06, 24.3062
17894, 3082, 611, 34229, 4841, 611, 4.01421e+06, 24.5726
17954, 3099, 627, 34176, 4925, 627, 4.01421e+06, 24.7155
18002, 3171, 649, 34199, 4890, 649, 4.01421e+06, 24.8168
18012, 3185, 652, 34223, 4756, 652, 4.01421e+06, 24.8382
18071, 3192, 662, 34160, 4990, 662, 4.01421e+06, 24.9449
18130, 3233, 675, 34139, 4948, 675, 4.01421e+06, 25.1452
18188, 3250, 684, 34022, 5323, 684, 4.01421e+06, 25.1362
18246, 3305, 706, 34020, 5243, 706, 4.01421e+06, 25.203
18304, 3333, 725, 33930, 5318, 725, 4.01421e+06, 25.1663
18362, 3341, 734, 33905, 5476, 734, 4.01421e+06, 25.2488
18418, 3391, 748, 33887, 5454, 748, 4.01421e+06, 25.5231
18476, 3418, 755, 33823, 5561, 755, 4.01421e+06, 25.6158
18534, 3442, 773, 33773, 5511, 773, 4.01421e+06, 25.591
18589, 3481, 788, 33692, 5527, 788, 4.01421e+06, 25.7996
18645, 3483, 797, 33630, 5625, 797, 4.01421e+06, 25.9248
18700, 3508, 804, 33541, 5833, 804, 4.0142e+06, 26.1245
18757, 3549, 824, 33530, 5987, 824, 4.0142e+06, 26.386
18811, 3586, 846, 33498, 5986, 846, 4.0142e+06, 26.5917
18865, 3604, 859, 33447, 6033, 859, 4.0142e+06, 26.6723
18921, 3650, 870, 33370, 6191, 870, 4.0142e+06, 26.8657
18975, 3701, 888, 33336, 6234, 888, 4.0142e+06, 27.1513
19001, 3711, 891, 33309, 6374, 891, 4.0142e+06, 27.2146
19028, 3744, 899, 33287, 6327, 899, 4.0142e+06, 27.2806
19081, 3785, 918, 33255, 6354, 918, 4.0142e+06, 27.2887
19136, 3792, 921, 33101, 6618, 921, 4.0142e+06, 27.3466
19189, 3836, 930, 33125, 6519, 930, 4.0142e+06, 27.5177
19242, 3917, 948, 33080, 6541, 948, 4.0142e+06, 27.6823
19293, 3960, 966, 33018, 6560, 966, 4.0142e+06, 27.677
19346, 4001, 972, 32945, 6842, 972, 4.0142e+06, 27.7928
19397, 4015, 985, 32929, 6874, 985, 4.0142e+06, 27.6947
19449, 4059, 994, 32858, 6786, 994, 4.0142e+06, 27.8345
19500, 4077, 1010, 32798, 6888, 1010, 4.0142e+06, 27.9404
19553, 4083, 1015, 32664, 6984, 1015, 4.0142e+06, 27.9662
19604, 4120, 1028, 32633, 7030, 1028, 4.0142e+06, 28.1498
19655, 4169, 1036, 32511, 7063, 1036, 4.01415e+06, 27.9956
19707, 4172, 1059, 32458, 7103, 1059, 4.01415e+06, 28.0557
19758, 4195, 1081, 32422, 7201, 1081, 4.01415e+06, 28.0991
19807, 4227, 1096, 32405, 7213, 1096, 4.01415e+06, 28.222
19857, 4257, 1122, 32332, 7236, 1122, 4.01415e+06, 28.1707
19908, 4294, 1134, 32294, 7421, 1134, 4.01415e+06, 28.3042
19917, 4301, 1140, 32283, 7404, 1140, 4.01415e+06, 28.3292
19954, 4313, 1149, 32282, 7387, 1149, 4.0141e+06, 28.4704
20000, 4316, 1160, 32200, 7605, 1160, 4.0141e+06, 28.5467
20001, 4330, 1172, 32237, 7410, 1172, 4.0141e+06, 28.5344
20049, 4368, 1187, 32226, 7419, 1187, 4.0141e+06, 28.7325
20099, 4377, 1185, 32072, 7872, 1185, 4.0141e+06, 28.9016
20148, 4426, 1202, 32050, 7656, 1202, 4.0141e+06, 29.0287
20196, 4431, 1220, 31995, 7564, 1220, 4.0141e+06, 29.1142
20245, 4449, 1228, 31982, 7852, 1228, 4.0141e+06, 29.2763
20293, 4467, 1233, 31966, 7822, 1233, 4.0141e+06, 29.3955
20343, 4495, 1248, 31902, 7874, 1248, 4.0141e+06, 29.4522
20390, 4507, 1253, 31844, 8237, 1253, 4.0141e+06, 29.5712
20438, 4532, 1269, 31823, 8328, 1269, 4.0141e+06, 29.7711
20484, 4581, 1290, 31842, 8196, 1290, 4.0141e+06, 29.8742
20534, 4613, 1296, 31794, 8256, 1296, 4.0141e+06, 29.7644
20581, 4627, 1312, 31747, 8271, 1312, 4.0141e+06, 29.8257
20628, 4635, 1324, 31700, 8441, 1324, 4.0141e+06, 29.8552
20675, 4628, 1335, 31602, 8650, 1335, 4.0141e+06, 30.0648
20723, 4645, 1353, 31593, 8721, 1353, 4.0141e+06, 30.2387
20770, 4681, 1362, 31620, 8548, 1362, 4.0141e+06, 30.2005
20816, 4692, 1371, 31531, 8755, 1371, 4.0141e+06, 30.0265
20862, 4770, 1387, 31536, 8585, 1387, 4.0141e+06, 30.0775
20910, 4785, 1398, 31428, 8777, 1398, 4.0141e+06, 30.1152
20956, 4840, 1396, 31387, 8669, 1396, 4.0141e+06, 30.1242
21002, 4853, 1411, 31306, 9044, 1411, 4.0141e+06, 30.153
21047, 4880, 1425, 31278, 9113, 1425, 4.0141e+06, 30.1567
21094, 4923, 1441, 31266, 8929, 1441, 4.0141e+06, 30.2129
21139, 4944, 1448, 31172, 9043, 1448, 4.0141e+06, 30.2686
21185, 4976, 1460, 31154, 9301, 1460, 4.0141e+06, 30.3829
21231, 5041, 1479, 31189, 9116, 1479, 4.0141e+06, 30.3989
21275, 5054, 1477, 31093, 9438, 1477, 4.0141e+06, 30.4283
21319, 5098, 1500, 31087, 9257, 1500, 4.0141e+06, 30.6219
21365, 5086, 1512, 30981, 9648, 1512, 4.01403e+06, nan
21409, 5121, 1517, 30957, 9391, 1517, 4.01403e+06, nan
21453, 5187, 1527, 30899, 9399, 1527, 4.01403e+06, nan
21497, 5205, 1546, 30841, 9769, 1546, 4.01403e+06, nan
21540, 5230, 1567, 30854, 9533, 1567, 4.01403e+06, nan
21585, 5250, 1580, 30815, 9732, 1580, 4.01403e+06, nan
21628, 5282, 1580, 30797, 9690, 1580, 4.01403e+06, nan
21671, 5302, 1582, 30739, 10048, 1582, 4.01403e+06, nan
21716, 5310, 1595, 30726, 9971, 1595, 4.01403e+06, nan
21759, 5361, 1620, 30732, 9782, 1620, 4.01403e+06, nan
21801, 5375, 1611, 30635, 9946, 1611, 4.01403e+06, nan
21844, 5416, 1619, 30584, 9869, 1619, 4.01403e+06, nan
21888, 5469, 1641, 30576, 9849, 1641, 4.01403e+06, nan
21930, 5499, 1669, 30568, 10019, 1669, 4.01403e+06, nan
21973, 5491, 1676, 30523, 10171, 1676, 4.01403e+06, nan
22002, 5518, 1690, 30514, 10119, 1690, 4.01403e+06, nan
22015, 5530, 1694, 30460, 10177, 1694, 4.01403e+06, nan
22057, 5560, 1720, 30427, 10300, 1720, 4.01403e+06, nan
22099, 5548, 1719, 30373, 10441, 1719, 4.01403e+06, nan
22141, 5593, 1731, 30335, 10602, 1731, 4.01403e+06, nan
22184, 5614, 1737, 30265, 10837, 1737, 4.01403e+06, nan
22224, 5630, 1765, 30281, 10668, 1765, 4.01403e+06, nan
22265, 5690, 1763, 30196, 10869, 1763, 4.01403e+06, nan
22306, 5754, 1782, 30188, 10678, 1782, 4.01403e+06, nan
22348, 5765, 1798, 30264, 10762, 1798, 4.01403e+06, nan
22388, 5786, 1803, 30132, 11093, 1803, 4.01403e+06, nan
22428, 5813, 1827, 30093, 10874, 1827, 4.01399e+06, nan
22469, 5813, 1821, 30012, 11199, 1821, 4.01399e+06, nan
22511, 5827, 1833, 29967, 11239, 1833, 4.01399e+06, nan
22552, 5821, 1845, 29949, 11037, 1845, 4.01399e+06, nan
22593, 5808, 1853, 29885, 11197, 1853, 4.01399e+06, nan
22634, 5822, 1865, 29796, 11484, 1865, 4.01399e+06, nan
22674, 5837, 1892, 29841, 11247, 1892, 4.01399e+06, nan
22714, 5849, 1886, 29876, 11348, 1886, 4.01399e+06, nan
22754, 5845, 1889, 29750, 11614, 1889, 4.01399e+06, nan
22795, 5889, 1903, 29772, 11536, 1903, 4.01399e+06, nan
22834, 5897, 1904, 29757, 11346, 1904, 4.01399e+06, nan
22874, 5919, 1910, 29715, 11624, 1910, 4.01399e+06, nan
22915, 5951, 1940, 29690, 11381, 1940, 4.01399e+06, nan
22954, 5966, 1950, 29693, 11540, 1950, 4.01399e+06, nan
22993, 6007, 1969, 29644, 11641, 1969, 4.01399e+06, nan
23001, 6027, 1972, 29646, 11646, 1972, 4.01399e+06, nan
23032, 6025, 1981, 29633, 11731, 1981, 4.01399e+06, nan
23072, 6039, 1979, 29640, 12028, 1979, 4.01399e+06, nan
23111, 6040, 1985, 29614, 11998, 1985, 4.01399e+06, nan
23150, 6053, 1988, 29578, 12153, 1988, 4.01399e+06, nan
23189, 6093, 2009, 29573, 12106, 2009, 4.01399e+06, nan
23228, 6065, 2024, 29539, 12290, 2024, 4.01399e+06, nan
23267, 6068, 2017, 29588, 12182, 2017, 4.01399e+06, nan
23306, 6104, 2028, 29504, 12259, 2028, 4.01399e+06, nan
23344, 6100, 2047, 29512, 11991, 2047, 4.01399e+06, nan
23384, 6117, 2052, 29437, 12383, 2052, 4.01399e+06, nan
23422, 6147, 2072, 29487, 12120, 2072, 4.01399e+06, nan
23460, 6243, 2094, 29517, 12003, 2094, 4.01399e+06, nan
23498, 6241, 2088, 29457, 12544, 2088, 4.01399e+06, nan
23537, 6259, 2094, 29414, 12644, 2094, 4.01399e+06, nan
23575, 6276, 2106, 29523, 12391, 2106, 4.01399e+06, nan
23612, 6290, 2106, 29424, 12761, 2106, 4.01399e+06, nan
23651, 6275, 2129, 29355, 12720, 2129, 4.01399e+06, nan
23689, 6305, 2146, 29337, 12661, 2146, 4.01399e+06, nan
23726, 6284, 2156, 29174, 13002, 2156, 4.01399e+06, nan
23763, 6308, 2178, 29243, 12728, 2178, 4.01399e+06, nan
23802, 6332, 2196, 29213, 12730, 2196, 4.01399e+06, nan
23839, 6386, 2195, 29214, 12834, 2195, 4.01399e+06, nan
23876, 6354, 2194, 29186, 13343, 2194, 4.01399e+06, nan
23915, 6378, 2202, 29127, 13134, 2202, 4.01399e+06, nan
23952, 6437, 2221, 29228, 12845, 2221, 4.01399e+06, nan
23989, 6420, 2230, 29148, 12925, 2230, 4.01399e+06, nan
24001, 6415, 2238, 29139, 12966, 2238, 4.01399e+06, nan
24026, 6416, 2237, 29009, 13308, 2237, 4.01399e+06, nan
24064, 6456, 2271, 29128, 13145, 2271, 4.01399e+06, nan
24101, 6424, 2268, 29035, 13576, 2268, 4.01399e+06, nan
24138, 6447, 2285, 29124, 13205, 2285, 4.01399e+06, nan
24175, 6451, 2284, 29122, 13253, 2284, 4.01399e+06, nan
24213, 6474, 2269, 29083, 13172, 2269, 4.01399e+06, nan
24250, 6483, 2273, 29125, 13181, 2273, 4.01399e+06, nan
24287, 6476, 2282, 29031, 13477, 2282, 4.01399e+06, nan
24324, 6451, 2303, 29082, 13202, 2303, 4.01399e+06, nan
24362, 6436, 2295, 29034, 13664, 2295, 4.01399e+06, nan
24399, 6483, 2326, 29066, 13304, 2326, 4.01399e+06, nan
24436, 6518, 2326, 29035, 13502, 2326, 4.01399e+06, nan
24473, 6523, 2319, 29027, 13817, 2319, 4.01399e+06, nan
24510, 6539, 2335, 29024, 13545, 2335, 4.01399e+06, nan
24546, 6525, 2330, 28998, 13349, 2330, 4.01399e+06, nan
24583, 6525, 2318, 28950, 13580, 2318, 4.01399e+06, nan
24620, 6538, 2318, 28927, 13907, 2318, 4.01399e+06, nan
24656, 6581, 2334, 28891, 13947, 2334, 4.01399e+06, nan
24693, 6579, 2348, 28940, 13504, 2348, 4.01399e+06, nan
24730, 6631, 2360, 28923, 13428, 2360, 4.01399e+06, nan
24766, 6661, 2349, 28866, 13682, 2349, 4.01399e+06, nan
24803, 6631, 2342, 28801, 13932, 2342, 4.01399e+06, nan
24839, 6583, 2339, 28707, 13962, 2339, 4.01399e+06, nan
24876, 6594, 2338, 28747, 13484, 2338, 4.01399e+06, nan
24912, 6612, 2344, 28732, 13385, 2344, 4.01399e+06, nan
24949, 6609, 2333, 28776, 13538, 2333, 4.01399e+06, nan
24985, 6638, 2342, 28807, 13381, 2342, 4.01394e+06, nan
25001, 6614, 2331, 28723, 13781, 2331, 4.01394e+06, nan
25014, 6622, 2344, 28772, 13317, 2344, 4.01394e+06, nan
25026, 6614, 2342, 28762, 13340, 2342, 4.01394e+06, nan
25062, 6618, 2334, 28716, 13247, 2334, 4.01389e+06, nan
25098, 6615, 2350, 28717, 13365, 2350, 4.01384e+06, nan
25134, 6621, 2374, 28752, 13322, 2374, 4.0138e+06, nan
25171, 6647, 2365, 28748, 13513, 2365, 4.01375e+06, nan
25207, 6670, 2376, 28713, 13755, 2376, 4.0137e+06, nan
25243, 6659, 2386, 28778, 13718, 2386, 4.01365e+06, nan
25280, 6625, 2376, 28732, 14071, 2376, 4.01365e+06, nan
25316, 6657, 2383, 28723, 14010, 2383, 4.01365e+06, nan
25352, 6670, 2385, 28711, 13881, 2385, 4.01365e+06, nan
25388, 6677, 2376, 28708, 13877, 2376, 4.01365e+06, nan
25425, 6677, 2386, 28774, 13504, 2386, 4.01365e+06, nan
25461, 6674, 2389, 28710, 13555, 2389, 4.01365e+06, nan
25497, 6714, 2406, 28731, 13539, 2406, 4.01365e+06, nan
25534, 6699, 2387, 28696, 13635, 2387, 4.01365e+06, nan
25571, 6701, 2386, 28619, 13873, 2386, 4.01365e+06, nan
25606, 6712, 2396, 28646, 13763, 2396, 4.01365e+06, nan
25642, 6718, 2408, 28669, 13698, 2408, 4.01365e+06, nan
25678, 6745, 2421, 28671, 13789, 2421, 4.01365e+06, nan
25713, 6732, 2422, 28702, 13732, 2422, 4.01365e+06, nan
25749, 6755, 2428, 28669, 13662, 2428, 4.01365e+06, nan
25785, 6768, 2427, 28672, 13721, 2427, 4.01365e+06, nan
25821, 6789, 2437, 28652, 13852, 2437, 4.01365e+06, nan
25856, 6777, 2436, 28640, 14318, 2436, 4.01365e+06, nan
25891, 6768, 2443, 28714, 13859, 2443, 4.01365e+06, nan
25927, 6762, 2446, 28652, 13985, 2446, 4.01365e+06, nan
25963, 6793, 2451, 28656, 14143, 2451, 4.01365e+06, nan
25999, 6793, 2440, 28575, 14026, 2440, 4.01365e+06, nan
26001, 6790, 2445, 28599, 13921, 2445, 4.01365e+06, nan
26034, 6786, 2470, 28600, 13949, 2470, 4.01365e+06, nan
26071, 6761, 2444, 28507, 14158, 2444, 4.01365e+06, nan
26107, 6754, 2446, 28551, 14039, 2446, 4.01365e+06, nan
26143, 6705, 2442, 28458, 13950, 2442, 4.01365e+06, nan
26178, 6679, 2465, 28496, 13868, 2465, 4.01365e+06, nan
26215, 6678, 2456, 28542, 13929, 2456, 4.01365e+06, nan
26251, 6682, 2466, 28574, 13890, 2466, 4.01365e+06, nan
26286, 6685, 2474, 28530, 13912, 2474, 4.01365e+06, nan
26323, 6693, 2467, 28469, 14001, 2467, 4.01365e+06, nan
26359, 6687, 2459, 28412, 14102, 2459, 4.01365e+06, nan
26395, 6720, 2465, 28420, 13947, 2465, 4.01365e+06, nan
26430, 6696, 2461, 28398, 13763, 2461, 4.01365e+06, nan
26466, 6707, 2452, 28427, 13888, 2452, 4.01365e+06, nan
26502, 6738, 2449, 28409, 13911, 2449, 4.01365e+06, nan
26538, 6732, 2457, 28341, 14018, 2457, 4.01365e+06, nan
26573, 6768, 2474, 28332, 14228, 2474, 4.01365e+06, nan
26609, 6742, 2486, 28345, 14390, 2486, 4.01365e+06, nan
26645, 6761, 2479, 28417, 14508, 2479, 4.01365e+06, nan
26681, 6750, 2467, 28414, 14547, 2467, 4.01365e+06, nan
26716, 6778, 2473, 28481, 13935, 2473, 4.01365e+06, nan
26752, 6739, 2483, 28432, 14174, 2483, 4.01365e+06, nan
26789, 6752, 2473, 28378, 14508, 2473, 4.01365e+06, nan
26824, 6759, 2472, 28394, 14228, 2472, 4.01365e+06, nan
26861, 6705, 2470, 28351, 14562, 2470, 4.01365e+06, nan
26897, 6719, 2474, 28363, 14377, 2474, 4.0136e+06, nan
26932, 6733, 2486, 28379, 14333, 2486, 4.01355e+06, nan
26967, 6781, 2507, 28445, 14113, 2507, 4.01351e+06, nan
27001, 6765, 2503, 28525, 14145, 2503, 4.01346e+06, nan
27003, 6768, 2516, 28533, 14012, 2516, 4.01346e+06, nan
27038, 6772, 2496, 28465, 14569, 2496, 4.01341e+06, nan
27073, 6825, 2494, 28498, 14226, 2494, 4.01338e+06, nan
27109, 6841, 2490, 28511, 14246, 2490, 4.01338e+06, nan
27145, 6870, 2487, 28525, 14342, 2487, 4.01338e+06, nan
27180, 6829, 2488, 28483, 14107, 2488, 4.01338e+06, nan
27216, 6846, 2475, 28462, 13992, 2475, 4.01338e+06, nan
27252, 6828, 2474, 28521, 14009, 2474, 4.01338e+06, nan
27287, 6841, 2478, 28428, 14476, 2478, 4.01338e+06, nan
27322, 6889, 2485, 28553, 14195, 2485, 4.01338e+06, nan
27357, 6920, 2488, 28611, 14029, 2488, 4.01338e+06, nan
27393, 6893, 2482, 28649, 14093, 2482, 4.01338e+06, nan
27429, 6906, 2491, 28671, 14050, 2491, 4.01338e+06, nan
27463, 6898, 2483, 28589, 14167, 2483, 4.01338e+06, nan
27499, 6880, 2491, 28596, 14207, 2491, 4.01333e+06, nan
27535, 6877, 2505, 28537, 14325, 2505, 4.01329e+06, nan
27570, 6887, 2518, 28567, 14309, 2518, 4.01329e+06, nan
27605, 6881, 2500, 28515, 14780, 2500, 4.01324e+06, nan
27641, 6839, 2506, 28438, 14681, 2506, 4.01324e+06, nan
27677, 6857, 2505, 28460, 14614, 2505, 4.01322e+06, nan
27712, 6871, 2510, 28505, 14233, 2510, 4.01322e+06, nan
27746, 6826, 2519, 28439, 14510, 2519, 4.01322e+06, nan
27782, 6853, 2516, 28478, 14562, 2516, 4.01317e+06, nan
27817, 6872, 2521, 28547, 14224, 2521, 4.01312e+06, nan
27852, 6801, 2517, 28521, 14086, 2517, 4.01312e+06, nan
27887, 6797, 2508, 28467, 14769, 2508, 4.01312e+06, nan
27923, 6831, 2514, 28513, 14704, 2514, 4.013e+06, nan
27958, 6820, 2516, 28591, 14416, 2516, 4.013e+06, nan
27993, 6873, 2531, 28624, 14312, 2531, 4.013e+06, nan
28001, 6854, 2522, 28546, 14745, 2523, 4.013e+06, nan
28028, 6842, 2530, 28517, 14625, 2530, 4.013e+06, nan
28063, 6904, 2530, 28596, 14380, 2530, 4.013e+06, nan
28099, 6888, 2532, 28546, 14501, 2532, 4.013e+06, nan
28134, 6878, 2533, 28607, 14361, 2533, 4.013e+06, nan
28169, 6859, 2511, 28504, 14604, 2511, 4.013e+06, nan
28204, 6874, 2526, 28622, 14224, 2526, 4.01295e+06, nan
28239, 6855, 2528, 28610, 14179, 2528, 4.01287e+06, nan
28274, 6827, 2519, 28517, 14540, 2519, 4.01287e+06, nan
28310, 6808, 2503, 28466, 14586, 2503, 4.01287e+06, nan
28346, 6832, 2488, 28454, 14638, 2488, 4.01287e+06, nan
28381, 6808, 2506, 28443, 14146, 2506, 4.01287e+06, nan
28416, 6770, 2507, 28420, 14108, 2507, 4.01287e+06, nan
28453, 6780, 2511, 28402, 14312, 2511, 4.01277e+06, nan
28488, 6776, 2524, 28454, 14291, 2524, 4.01273e+06, nan
28523, 6800, 2510, 28384, 14630, 2510, 4.01273e+06, nan
28560, 6803, 2511, 28488, 14078, 2511, 4.01273e+06, nan
28595, 6751, 2494, 28339, 14598, 2494, 4.01273e+06, nan
28630, 6794, 2504, 28358, 14302, 2504, 4.01273e+06, nan
28665, 6789, 2505, 28353, 14235, 2505, 4.01273e+06, nan
28701, 6776, 2514, 28361, 14147, 2514, 4.01273e+06, nan
28737, 6766, 2510, 28424, 14203, 2510, 4.01273e+06, nan
28772, 6764, 2515, 28412, 14685, 2515, 4.01273e+06, nan
28808, 6745, 2510, 28425, 14526, 2510, 4.01273e+06, nan
28844, 6783, 2504, 28411, 14552, 2504, 4.01273e+06, nan
28879, 6784, 2522, 28457, 14119, 2522, 4.01273e+06, nan
28914, 6765, 2529, 28422, 14286, 2529, 4.01273e+06, nan
28950, 6786, 2535, 28476, 14157, 2535, 4.01273e+06, nan
28985, 6822, 2532, 28385, 14805, 2532, 4.01273e+06, nan
29001, 6817, 2536, 28454, 14330, 2536, 4.01273e+06, nan
29020, 6800, 2531, 28408, 14514, 2531, 4.01273e+06, nan
29055, 6863, 2539, 28352, 14511, 2539, 4.01273e+06, nan
29092, 6857, 2527, 28385, 14514, 2527, 4.01273e+06, nan
29127, 6827, 2539, 28405, 14512, 2539, 4.01273e+06, nan
29162, 6806, 2535, 28332, 14807, 2535, 4.01273e+06, nan
29197, 6817, 2539, 28407, 14442, 2539, 4.01268e+06, nan
29233, 6805, 2552, 28395, 14754, 2552, 4.01268e+06, nan
29268, 6797, 2561, 28367, 14586, 2561, 4.01268e+06, nan
29303, 6768, 2549, 28330, 14946, 2549, 4.01268e+06, nan
29339, 6777, 2550, 28361, 14983, 2550, 4.01258e+06, nan
29375, 6775, 2544, 28389, 14813, 2544, 4.01258e+06, nan
29410, 6796, 2551, 28470, 14585, 2551, 4.01258e+06, nan
29445, 6779, 2558, 28487, 14674, 2558, 4.01258e+06, nan
29482, 6784, 2554, 28477, 14893, 2554, 4.01258e+06, nan
29517, 6811, 2580, 28528, 14765, 2580, 4.01254e+06, nan
29552, 6801, 2583, 28497, 15006, 2583, 4.01247e+06, nan
29586, 6818, 2600, 28633, 14615, 2600, 4.01247e+06, nan
29622, 6853, 2597, 28672, 14583, 2597, 4.01247e+06, nan
29657, 6821, 2583, 28594, 15206, 2583, 4.01247e+06, nan
29692, 6829, 2587, 28724, 14775, 2587, 4.01247e+06, nan
29727, 6824, 2592, 28735, 14741, 2592, 4.01247e+06, nan
29762, 6796, 2592, 28661, 15182, 2592, 4.01247e+06, nan
29797, 6795, 2590, 28674, 14756, 2590, 4.01247e+06, nan
29832, 6801, 2609, 28695, 14663, 2609, 4.01247e+06, nan
29868, 6784, 2598, 28755, 14824, 2598, 4.01247e+06, nan
29903, 6742, 2567, 28633, 15041, 2567, 4.01247e+06, nan
29938, 6757, 2574, 28723, 14589, 2574, 4.01247e+06, nan
29973, 6735, 2577, 28754, 14532, 2577, 4.01247e+06, nan
30001, 6781, 2568, 28747, 14739, 2568, 4.01247e+06, nan
30009, 6797, 2575, 28768, 14575, 2575, 4.01247e+06, nan
30017, 6781, 2569, 28731, 15098, 2569, 4.01247e+06, nan
30046, 6780, 2574, 28765, 14789, 2574, 4.01247e+06, nan
30080, 6758, 2581, 28772, 15146, 2581, 4.01247e+06, nan
30116, 6764, 2574, 28760, 15303, 2574, 4.01247e+06, nan
30151, 6765, 2577, 28810, 14901, 2577, 4.01247e+06, nan
30186, 6767, 2605, 28800, 14753, 2605, 4.01247e+06, nan
30223, 6736, 2596, 28769, 14873, 2596, 4.01247e+06, nan
30258, 6778, 2615, 28790, 14750, 2615, 4.01247e+06, nan
30294, 6811, 2598, 28913, 14704, 2598, 4.01247e+06, nan
30329, 6781, 2592, 28797, 15230, 2592, 4.01247e+06, nan
30366, 6769, 2598, 28791, 14784, 2598, 4.01247e+06, nan
30402, 6791, 2593, 28741, 14693, 2593, 4.01247e+06, nan
30437, 6775, 2585, 28712, 15078, 2585, 4.01247e+06, nan
30473, 6764, 2579, 28694, 15095, 2579, 4.01247e+06, nan
30509, 6759, 2560, 28662, 15073, 2560, 4.01247e+06, nan
30545, 6763, 2568, 28665, 14997, 2568, 4.01247e+06, nan
30581, 6810, 2569, 28697, 14973, 2569, 4.01247e+06, nan
30618, 6822, 2558, 28742, 14667, 2558, 4.01247e+06, nan
30654, 6784, 2550, 28618, 14701, 2550, 4.01247e+06, nan
30690, 6817, 2548, 28557, 14704, 2548, 4.01247e+06, nan
30725, 6814, 2553, 28509, 14921, 2553, 4.01247e+06, nan
30762, 6874, 2560, 28587, 14517, 2560, 4.01247e+06, nan
30797, 6826, 2539, 28553, 14918, 2539, 4.01247e+06, nan
30833, 6780, 2534, 28519, 14889, 2534, 4.01247e+06, nan
30868, 6800, 2530, 28604, 14629, 2530, 4.01247e+06, nan
30905, 6755, 2541, 28544, 14960, 2541, 4.01247e+06, nan
30940, 6807, 2545, 28628, 14629, 2545, 4.01247e+06, nan
30976, 6780, 2550, 28643, 14612, 2550, 4.01247e+06, nan
31001, 6728, 2544, 28569, 14999, 2544, 4.01247e+06, nan
31012, 6735, 2549, 28615, 14672, 2549, 4.01247e+06, nan
31048, 6745, 2571, 28587, 14812, 2571, 4.01244e+06, nan
31084, 6727, 2564, 28549, 14739, 2564, 4.01244e+06, nan
31119, 6717, 2574, 28569, 14738, 2574, 4.01244e+06, nan
31156, 6729, 2581, 28615, 14806, 2581, 4.01244e+06, nan
31192, 6720, 2562, 28565, 14986, 2562, 4.01244e+06, nan
31228, 6758, 2562, 28515, 14763, 2562, 4.01244e+06, nan
31263, 6752, 2575, 28495, 14646, 2575, 4.01244e+06, nan
31300, 6742, 2572, 28533, 14674, 2572, 4.01244e+06, nan
31335, 6760, 2572, 28489, 14514, 2572, 4.01244e+06, nan
31371, 6743, 2590, 28500, 14444, 2590, 4.01244e+06, nan
31408, 6726, 2573, 28513, 14524, 2573, 4.01244e+06, nan
31444, 6727, 2567, 28399, 14757, 2567, 4.01244e+06, nan
31480, 6736, 2574, 28501, 14744, 2574, 4.01244e+06, nan
31516, 6748, 2567, 28566, 14763, 2567, 4.01244e+06, nan
31552, 6766, 2584, 28605, 14710, 2584, 4.01244e+06, nan
31588, 6717, 2565, 28517, 14815, 2565, 4.01231e+06, nan
31624, 6724, 2547, 28561, 14601, 2547, 4.01231e+06, nan
31661, 6757, 2543, 28523, 14928, 2543, 4.01231e+06, nan
31696, 6783, 2557, 28560, 14619, 2557, 4.01231e+06, nan
31732, 6822, 2564, 28574, 14643, 2564, 4.01231e+06, nan
31767, 6828, 2565, 28631, 14534, 2565, 4.01231e+06, nan
31804, 6846, 2557, 28575, 14647, 2557, 4.01231e+06, nan
31839, 6827, 2546, 28547, 14545, 2546, 4.01231e+06, nan
31875, 6838, 2567, 28539, 14440, 2567, 4.01223e+06, nan
31910, 6792, 2548, 28462, 15025, 2548, 4.01218e+06, nan
31946, 6830, 2549, 28519, 14968, 2549, 4.01218e+06, nan
31981, 6858, 2557, 28595, 14625, 2557, 4.01213e+06, nan
32001, 6847, 2572, 28597, 14447, 2572, 4.01213e+06, nan
32016, 6871, 2583, 28629, 14392, 2583, 4.01213e+06, nan
32051, 6834, 2555, 28480, 14901, 2555, 4.01209e+06, nan
32088, 6830, 2567, 28518, 14447, 2567, 4.01204e+06, nan
32123, 6797, 2549, 28435, 15029, 2549, 4.01195e+06, nan
32158, 6816, 2544, 28499, 14536, 2544, 4.01195e+06, nan
32194, 6802, 2534, 28462, 14652, 2534, 4.01195e+06, nan
32230, 6791, 2533, 28449, 14571, 2533, 4.0119e+06, nan
32266, 6782, 2529, 28464, 14480, 2529, 4.0119e+06, nan
32301, 6776, 2543, 28491, 14291, 2543, 4.01185e+06, nan
32338, 6788, 2541, 28499, 14377, 2541, 4.01185e+06, nan
32373, 6784, 2553, 28504, 14357, 2553, 4.01181e+06, nan
32408, 6799, 2548, 28445, 14909, 2548, 4.01176e+06, nan
32443, 6842, 2570, 28526, 14588, 2570, 4.01176e+06, nan
32479, 6844, 2558, 28475, 14694, 2558, 4.01176e+06, nan
32515, 6852, 2552, 28417, 14658, 2552, 4.01176e+06, nan
32550, 6856, 2556, 28396, 14443, 2556, 4.01151e+06, nan
32586, 6861, 2542, 28349, 14430, 2542, 4.01151e+06, nan
32622, 6871, 2554, 28369, 14392, 2554, 4.01151e+06, nan
32657, 6874, 2535, 28270, 14843, 2535, 4.01151e+06, nan
32692, 6887, 2550, 28361, 14623, 2550, 4.01151e+06, nan
32729, 6841, 2535, 28346, 14915, 2535, 4.01151e+06, nan
32763, 6827, 2574, 28473, 14449, 2574, 4.01146e+06, nan
32799, 6864, 2569, 28521, 14455, 2569, 4.01146e+06, nan
32834, 6904, 2564, 28455, 15105, 2564, 4.01146e+06, nan
32870, 6892, 2555, 28419, 15205, 2555, 4.01141e+06, nan
32905, 6866, 2564, 28511, 14637, 2564, 4.01146e+06, nan
32940, 6891, 2571, 28515, 14407, 2571, 4.01146e+06, nan
32976, 6913, 2588, 28562, 14610, 2588, 4.01146e+06, nan
33002, 6895, 2565, 28436, 14977, 2565, 4.01146e+06, nan
33010, 6924, 2571, 28479, 14720, 2571, 4.01146e+06, nan
33046, 6925, 2572, 28542, 14840, 2572, 4.01146e+06, nan
33081, 6891, 2577, 28588, 14665, 2577, 4.01141e+06, nan
33117, 6907, 2579, 28669, 14723, 2579, 4.01141e+06, nan
33151, 6891, 2585, 28617, 14930, 2585, 4.01141e+06, nan
33186, 6899, 2598, 28668, 14902, 2598, 4.01141e+06, nan
33221, 6872, 2579, 28589, 15206, 2579, 4.01141e+06, nan
33257, 6856, 2595, 28597, 15255, 2595, 4.01141e+06, nan
33293, 6876, 2584, 28623, 15277, 2584, 4.01141e+06, nan
33327, 6909, 2592, 28729, 14885, 2592, 4.01141e+06, nan
33364, 6900, 2588, 28697, 14976, 2588, 4.01141e+06, nan
33399, 6840, 2589, 28632, 14835, 2589, 4.01141e+06, nan
33434, 6825, 2564, 28561, 15189, 2564, 4.01141e+06, nan
33470, 6807, 2581, 28600, 15226, 2581, 4.01141e+06, nan
33505, 6851, 2586, 28696, 15071, 2586, 4.01141e+06, nan
33541, 6813, 2579, 28672, 14951, 2579, 4.01141e+06, nan
33576, 6853, 2589, 28658, 14727, 2589, 4.01141e+06, nan
33611, 6829, 2584, 28558, 15260, 2584, 4.01141e+06, nan
33647, 6828, 2569, 28573, 15321, 2569, 4.01141e+06, nan
33682, 6855, 2571, 28641, 14801, 2571, 4.01141e+06, nan
33718, 6828, 2553, 28627, 14755, 2553, 4.01141e+06, nan
33753, 6815, 2565, 28666, 14627, 2565, 4.01141e+06, nan
33788, 6841, 2548, 28557, 15105, 2548, 4.01141e+06, nan
33824, 6824, 2539, 28537, 15076, 2539, 4.01141e+06, nan
33859, 6821, 2557, 28577, 14704, 2557, 4.01141e+06, nan
33896, 6817, 2551, 28492, 15083, 2551, 4.01141e+06, nan
33931, 6818, 2575, 28597, 14676, 2575, 4.01141e+06, nan
33967, 6792, 2566, 28621, 14704, 2566, 4.01141e+06, nan
34001, 6777, 2558, 28509, 15079, 2558, 4.01141e+06, nan
34002, 6788, 2565, 28576, 14615, 2565, 4.01141e+06, nan
34038, 6813, 2568, 28563, 14669, 2568, 4.01141e+06, nan
34073, 6810, 2564, 28497, 15115, 2564, 4.01141e+06, nan
34108, 6811, 2573, 28604, 14715, 2573, 4.01141e+06, nan
34145, 6752, 2567, 28544, 15237, 2567, 4.01141e+06, nan
34180, 6759, 2563, 28558, 14749, 2563, 4.01141e+06, nan
34215, 6789, 2562, 28604, 14608, 2562, 4.01141e+06, nan
34250, 6747, 2537, 28483, 15127, 2537, 4.01141e+06, nan
34287, 6761, 2567, 28592, 14483, 2567, 4.01141e+06, nan
34322, 6746, 2569, 28531, 15132, 2569, 4.01141e+06, nan
34358, 6713, 2557, 28492, 15117, 2557, 4.01141e+06, nan
34393, 6737, 2566, 28543, 14959, 2566, 4.01141e+06, nan
34428, 6786, 2586, 28642, 14840, 2586, 4.01141e+06, nan
34464, 6794, 2573, 28553, 14734, 2573, 4.01141e+06, nan
34500, 6776, 2566, 28547, 14668, 2566, 4.01136e+06, nan
34535, 6732, 2548, 28487, 15094, 2548, 4.01136e+06, nan
34572, 6760, 2551, 28550, 14449, 2551, 4.01127e+06, nan
34607, 6688, 2532, 28412, 15018, 2532, 4.01127e+06, nan
34643, 6689, 2536, 28428, 14974, 2536, 4.01127e+06, nan
34679, 6680, 2554, 28365, 15116, 2554, 4.01127e+06, nan
34714, 6725, 2550, 28515, 14832, 2550, 4.01127e+06, nan
34749, 6725, 2554, 28549, 14674, 2554, 4.01127e+06, nan
34785, 6736, 2554, 28561, 14605, 2554, 4.01127e+06, nan
34821, 6760, 2540, 28446, 14764, 2540, 4.01127e+06, nan
34857, 6781, 2528, 28416, 14747, 2528, 4.01127e+06, nan
34892, 6742, 2500, 28259, 15093, 2500, 4.01127e+06, nan
34928, 6731, 2487, 28276, 14876, 2487, 4.01127e+06, nan
34965, 6741, 2503, 28351, 14391, 2503, 4.01122e+06, nan
35000, 6684, 2495, 28221, 14964, 2495, 4.01117e+06, nan
35012, 6705, 2500, 28212, 14975, 2500, 4.01112e+06, nan
35041, 6744, 2505, 28279, 14619, 2505, 4.01112e+06, nan
35078, 6726, 2479, 28204, 14991, 2479, 4.01112e+06, nan
35114, 6720, 2489, 28196, 15022, 2489, 4.01112e+06, nan
35150, 6729, 2492, 28220, 14906, 2492, 4.01112e+06, nan
35186, 6725, 2496, 28158, 14857, 2496, 4.01112e+06, nan
35222, 6693, 2505, 28152, 14762, 2505, 4.01112e+06, nan
35257, 6691, 2512, 28221, 14417, 2512, 4.01112e+06, nan
35293, 6696, 2510, 28200, 14407, 2510, 4.01112e+06, nan
35329, 6721, 2528, 28264, 14376, 2528, 4.01112e+06, nan
35365, 6723, 2514, 28285, 14401, 2514, 4.01112e+06, nan
35401, 6709, 2516, 28272, 14490, 2516, 4.01112e+06, nan
35436, 6721, 2538, 28248, 14460, 2538, 4.01112e+06, nan
35472, 6751, 2555, 28298, 14312, 2555, 4.01112e+06, nan
35508, 6703, 2548, 28215, 14515, 2548, 4.01108e+06, nan
35543, 6696, 2541, 28117, 14872, 2541, 4.01103e+06, nan
35578, 6687, 2528, 28163, 14570, 2528, 4.01103e+06, nan
35615, 6691, 2532, 28062, 14895, 2532, 4.01099e+06, nan
35650, 6735, 2539, 28156, 14527, 2539, 4.01099e+06, nan
35685, 6737, 2534, 28184, 14532, 2534, 4.01099e+06, nan
35722, 6749, 2526, 28190, 14618, 2526, 4.01099e+06, nan
35757, 6732, 2518, 28143, 14405, 2518, 4.01099e+06, nan
35793, 6704, 2533, 28170, 14307, 2533, 4.01099e+06, nan
35828, 6660, 2532, 28108, 14798, 2532, 4.01099e+06, nan
35865, 6658, 2556, 28187, 14500, 2556, 4.01099e+06, nan
35900, 6645, 2546, 28100, 15118, 2546, 4.01099e+06, nan
35935, 6698, 2556, 28239, 14774, 2556, 4.01095e+06, nan
35972, 6684, 2565, 28185, 15145, 2565, 4.01095e+06, nan
36001, 6749, 2566, 28291, 14605, 2566, 4.01095e+06, nan
36007, 6744, 2569, 28295, 14589, 2569, 4.01095e+06, nan
36042, 6756, 2584, 28301, 14618, 2584, 4.0109e+06, nan
36077, 6767, 2565, 28151, 15188, 2565, 4.01085e+06, nan
36113, 6773, 2553, 28163, 15074, 2553, 4.01085e+06, nan
36148, 6769, 2542, 28280, 14708, 2542, 4.01085e+06, nan
36184, 6774, 2531, 28253, 14707, 2531, 4.01085e+06, nan
36219, 6733, 2535, 28220, 14602, 2535, 4.01085e+06, nan
36256, 6753, 2525, 28235, 14567, 2525, 4.01085e+06, nan
36291, 6771, 2530, 28232, 14434, 2530, 4.01085e+06, nan
36327, 6744, 2534, 28151, 14591, 2534, 4.01085e+06, nan
36363, 6740, 2532, 28130, 14535, 2532, 4.01085e+06, nan
36399, 6756, 2540, 28140, 14502, 2540, 4.01085e+06, nan
36434, 6720, 2544, 28069, 14909, 2544, 4.01085e+06, nan
36469, 6719, 2562, 28175, 14763, 2562, 4.01085e+06, nan
36506, 6676, 2544, 28128, 15084, 2544, 4.01085e+06, nan
36541, 6724, 2571, 28211, 14811, 2571, 4.01085e+06, nan
36576, 6737, 2584, 28232, 14675, 2584, 4.01085e+06, nan
36611, 6702, 2553, 28132, 15169, 2553, 4.0108e+06, nan
36648, 6754, 2590, 28208, 14639, 2590, 4.0108e+06, nan
36682, 6770, 2570, 28242, 14806, 2570, 4.0108e+06, nan
36718, 6736, 2546, 28214, 14728, 2546, 4.0108e+06, nan
36753, 6755, 2550, 28212, 14648, 2550, 4.0108e+06, nan
36789, 6778, 2544, 28208, 14482, 2544, 4.0108e+06, nan
36825, 6758, 2538, 28203, 14546, 2538, 4.0108e+06, nan
36860, 6742, 2521, 28169, 14934, 2521, 4.0108e+06, nan
36896, 6733, 2521, 28178, 14896, 2521, 4.0108e+06, nan
36933, 6717, 2523, 28218, 14335, 2523, 4.0108e+06, nan
36968, 6722, 2515, 28137, 14819, 2515, 4.0108e+06, nan
37001, 6734, 2517, 28159, 14806, 2517, 4.01076e+06, nan
37003, 6760, 2530, 28252, 14460, 2530, 4.01076e+06, nan
37039, 6811, 2512, 28268, 14652, 2512, 4.01076e+06, nan
37074, 6808, 2533, 28315, 14499, 2533, 4.01071e+06, nan
37109, 6773, 2511, 28241, 14888, 2511, 4.01071e+06, nan
37144, 6777, 2537, 28280, 14462, 2537, 4.01071e+06, nan
37180, 6770, 2548, 28290, 14541, 2548, 4.01071e+06, nan
37215, 6786, 2552, 28327, 14547, 2552, 4.01071e+06, nan
37250, 6749, 2524, 28244, 15085, 2524, 4.01071e+06, nan
37286, 6771, 2533, 28276, 15014, 2533, 4.01071e+06, nan
37321, 6750, 2522, 28295, 14668, 2522, 4.01067e+06, nan
37356, 6737, 2533, 28332, 14472, 2533, 4.01067e+06, nan
37392, 6760, 2532, 28385, 14524, 2532, 4.01062e+06, nan
37428, 6752, 2519, 28407, 14395, 2519, 4.01062e+06, nan
37463, 6766, 2512, 28305, 14813, 2512, 4.01057e+06, nan
37499, 6721, 2509, 28242, 14862, 2509, 4.01057e+06, nan
37534, 6743, 2521, 28388, 14551, 2521, 4.01052e+06, nan
37570, 6763, 2526, 28399, 14548, 2526, 4.01052e+06, nan
37606, 6825, 2520, 28401, 14389, 2520, 4.01052e+06, nan
37641, 6797, 2519, 28383, 14442, 2519, 4.01052e+06, nan
37676, 6786, 2507, 28321, 14825, 2507, 4.01052e+06, nan
37712, 6799, 2505, 28311, 14872, 2505, 4.01052e+06, nan
37747, 6838, 2522, 28389, 14540, 2522, 4.01052e+06, nan
37782, 6794, 2540, 28347, 14439, 2540, 4.01052e+06, nan
37818, 6787, 2532, 28304, 14517, 2532, 4.01052e+06, nan
37853, 6748, 2511, 28166, 14915, 2511, 4.01052e+06, nan
37889, 6747, 2494, 28139, 14931, 2494, 4.01052e+06, nan
37925, 6715, 2506, 28105, 14844, 2506, 4.01052e+06, nan
37961, 6779, 2518, 28163, 14901, 2518, 4.01052e+06, nan
37996, 6763, 2520, 28218, 14492, 2520, 4.01052e+06, nan
38001, 6764, 2523, 28230, 14430, 2523, 4.01052e+06, nan
38031, 6779, 2535, 28246, 14449, 2535, 4.01052e+06, nan
38066, 6791, 2516, 28158, 15051, 2516, 4.01052e+06, nan
38102, 6796, 2509, 28177, 15059, 2509, 4.01052e+06, nan
38137, 6829, 2505, 28187, 14581, 2505, 4.01052e+06, nan
38173, 6809, 2495, 28223, 14483, 2495, 4.01052e+06, nan
38209, 6770, 2505, 28267, 14320, 2505, 4.01052e+06, nan
38244, 6809, 2525, 28274, 14475, 2525, 4.01052e+06, nan
38279, 6801, 2509, 28150, 14920, 2509, 4.01052e+06, nan
38314, 6835, 2521, 28263, 14597, 2521, 4.01052e+06, nan
38350, 6793, 2522, 28218, 14530, 2522, 4.01052e+06, nan
38385, 6828, 2541, 28304, 14362, 2541, 4.01052e+06, nan
38420, 6849, 2523, 28217, 14946, 2523, 4.01052e+06, nan
38456, 6850, 2531, 28224, 14833, 2531, 4.01052e+06, nan
38491, 6863, 2543, 28329, 14550, 2543, 4.01052e+06, nan
38526, 6871, 2561, 28344, 14556, 2561, 4.01052e+06, nan
38560, 6869, 2532, 28292, 14689, 2532, 4.01052e+06, nan
38596, 6832, 2513, 28244, 14661, 2513, 4.01052e+06, nan
38632, 6848, 2514, 28250, 14659, 2514, 4.01052e+06, nan
38667, 6865, 2540, 28257, 14492, 2540, 4.01052e+06, nan
38702, 6847, 2520, 28196, 14706, 2520, 4.01052e+06, nan
38738, 6816, 2509, 28197, 14760, 2509, 4.01052e+06, nan
38774, 6860, 2496, 28201, 14678, 2496, 4.01052e+06, nan
38808, 6900, 2499, 28272, 14104, 2499, 4.01052e+06, nan
38844, 6846, 2482, 28203, 14045, 2482, 4.01052e+06, nan
38880, 6843, 2499, 28166, 14283, 2499, 4.01052e+06, nan
38915, 6868, 2502, 28095, 14676, 2502, 4.01052e+06, nan
38950, 6865, 2505, 28157, 14394, 2505, 4.01052e+06, nan
38986, 6836, 2511, 28137, 14371, 2511, 4.01052e+06, nan
39001, 6865, 2518, 28156, 14476, 2518, 4.01052e+06, nan
39021, 6871, 2513, 28181, 14363, 2513, 4.01052e+06, nan
39056, 6825, 2507, 28082, 14752, 2507, 4.01052e+06, nan
39091, 6849, 2521, 28179, 14512, 2522, 4.01052e+06, nan
39126, 6835, 2523, 28159, 14354, 2523, 4.01052e+06, nan
39162, 6828, 2513, 28201, 14252, 2513, 4.01052e+06, nan
39196, 6806, 2482, 28125, 14377, 2482, 4.01052e+06, nan
39232, 6816, 2492, 28165, 14389, 2492, 4.01052e+06, nan
39268, 6814, 2503, 28219, 14332, 2503, 4.01052e+06, nan
39303, 6818, 2507, 28180, 14304, 2507, 4.01052e+06, nan
39337, 6843, 2503, 28186, 14391, 2503, 4.01043e+06, nan
39373, 6860, 2496, 28268, 14389, 2496, 4.01043e+06, nan
39409, 6858, 2491, 28255, 14293, 2491, 4.01043e+06, nan
39443, 6843, 2502, 28203, 14692, 2502, 4.01043e+06, nan
39478, 6875, 2492, 28278, 14380, 2492, 4.01043e+06, nan
39515, 6856, 2490, 28208, 14493, 2490, 4.01043e+06, nan
39550, 6898, 2493, 28280, 14317, 2493, 4.01033e+06, nan
39585, 6920, 2493, 28221, 14341, 2493, 4.01033e+06, nan
39620, 6859, 2479, 28066, 14760, 2479, 4.01033e+06, nan
39655, 6872, 2478, 28129, 14412, 2478, 4.01033e+06, nan
39690, 6855, 2487, 28138, 14308, 2487, 4.01033e+06, nan
39725, 6837, 2494, 28080, 14785, 2494, 4.01033e+06, nan
39760, 6861, 2504, 28219, 14404, 2504, 4.01033e+06, nan
39796, 6862, 2503, 28233, 14305, 2503, 4.01033e+06, nan
39831, 6866, 2501, 28228, 14307, 2501, 4.01028e+06, nan
39866, 6877, 2487, 28110, 14746, 2487, 4.01023e+06, nan
39902, 6898, 2506, 28107, 14632, 2506, 4.01023e+06, nan
39937, 6841, 2519, 28139, 14397, 2519, 4.0102e+06, nan
39972, 6819, 2520, 28164, 14292, 2520, 4.0102e+06, nan
39983, 6794, 2506, 28132, 14766, 2506, 4.0102e+06, nan
39998, 6805, 2511, 28149, 14724, 2511, 4.0102e+06, nan
40001, 6803, 2508, 28144, 14759, 2508, 4.0102e+06, nan
40032, 6796, 2529, 28189, 14453, 2529, 4.0102e+06, nan
40068, 6798, 2529, 28218, 14338, 2529, 4.0102e+06, nan
40104, 6828, 2528, 28201, 14645, 2528, 4.0102e+06, nan
40139, 6792, 2494, 28036, 15058, 2494, 4.0102e+06, nan
40174, 6800, 2498, 28040, 14557, 2498, 4.01015e+06, nan
40211, 6798, 2483, 27994, 14793, 2483, 4.01015e+06, nan
40246, 6797, 2495, 28043, 14461, 2496, 4.01012e+06, nan
40281, 6796, 2501, 28094, 14313, 2502, 4.01012e+06, nan
40317, 6811, 2500, 28119, 14110, 2501, 4.01012e+06, nan
40353, 6821, 2510, 28225, 13999, 2511, 4.01012e+06, nan
40388, 6782, 2489, 28156, 14486, 2490, 4.01012e+06, nan
40423, 6854, 2488, 28279, 14176, 2489, 4.01012e+06, nan
40460, 6869, 2486, 28149, 14744, 2487, 4.01012e+06, nan
40496, 6836, 2513, 28247, 14625, 2514, 4.01012e+06, nan
40537, 6827, 2521, 28363, 14408, 2522, 4.01012e+06, nan
40568, 6854, 2513, 28313, 14697, 2514, 4.01012e+06, nan
40604, 6829, 2519, 28300, 14648, 2520, 4.01007e+06, nan
40639, 6859, 2515, 28356, 14263, 2516, 4.01002e+06, nan
40675, 6871, 2525, 28326, 14274, 2526, 4.00993e+06, nan
40710, 6806, 2526, 28316, 14040, 2527, 4.00993e+06, nan
40747, 6791, 2512, 28352, 14270, 2513, 4.00993e+06, nan
40783, 6741, 2522, 28320, 14362, 2523, 4.00993e+06, nan
40818, 6735, 2546, 28307, 14334, 2547, 4.00993e+06, nan
40855, 6745, 2530, 28261, 14300, 2531, 4.00993e+06, nan
40891, 6743, 2540, 28266, 14428, 2541, 4.00993e+06, nan
40927, 6751, 2517, 28220, 14492, 2518, 4.00993e+06, nan
40962, 6730, 2522, 28198, 14448, 2523, 4.00993e+06, nan
40999, 6738, 2530, 28177, 14764, 2531, 4.00993e+06, nan
41002, 6735, 2517, 28184, 14699, 2518, 4.00993e+06, nan
41034, 6708, 2512, 28236, 14522, 2513, 4.00993e+06, nan
41070, 6681, 2513, 28210, 14494, 2514, 4.00993e+06, nan
41106, 6673, 2512, 28193, 14555, 2513, 4.00994e+06, nan
41142, 6677, 2523, 28203, 14514, 2524, 4.00994e+06, nan
41178, 6692, 2517, 28231, 14503, 2518, 4.00994e+06, nan
41214, 6651, 2510, 28167, 14592, 2511, 4.00994e+06, nan
41251, 6643, 2507, 28223, 14682, 2508, 4.00994e+06, nan
41287, 6651, 2519, 28275, 14643, 2520, 4.00994e+06, nan
41323, 6648, 2505, 28244, 14552, 2506, 4.00994e+06, nan
41359, 6648, 2496, 28214, 14417, 2497, 4.00994e+06, nan
41396, 6594, 2490, 28106, 14869, 2491, 4.00994e+06, nan
41432, 6624, 2500, 28124, 14944, 2501, 4.00994e+06, nan
41468, 6609, 2485, 28105, 14821, 2486, 4.00994e+06, nan
41504, 6612, 2485, 28111, 14786, 2486, 4.00994e+06, nan
41541, 6667, 2493, 28171, 14123, 2494, 4.00994e+06, nan
41577, 6711, 2483, 28124, 14275, 2484, 4.00994e+06, nan
41612, 6662, 2495, 27983, 14808, 2496, 4.00994e+06, nan
41649, 6664, 2505, 28031, 14475, 2506, 4.00994e+06, nan
41685, 6673, 2510, 28027, 14458, 2511, 4.00994e+06, nan
41720, 6673, 2499, 27987, 14920, 2500, 4.00994e+06, nan
41755, 6722, 2515, 28052, 14648, 2517, 4.00994e+06, nan
41792, 6657, 2513, 27985, 15051, 2513, 4.00994e+06, nan
41827, 6669, 2507, 28095, 14798, 2507, 4.00994e+06, nan
41863, 6661, 2520, 28093, 14769, 2520, 4.0099e+06, nan
41898, 6649, 2521, 28097, 14463, 2521, 4.00986e+06, nan
41935, 6703, 2528, 28187, 14660, 2528, 4.00986e+06, nan
41970, 6767, 2513, 28274, 14636, 2513, 4.00986e+06, nan
42001, 6804, 2490, 28227, 14776, 2490, 4.00986e+06, nan
42006, 6782, 2493, 28216, 14607, 2493, 4.00986e+06, nan
42042, 6800, 2505, 28176, 14643, 2505, 4.00986e+06, nan
42078, 6777, 2490, 28152, 14637, 2490, 4.00986e+06, nan
42113, 6765, 2485, 28013, 14931, 2485, 4.00986e+06, nan
42148, 6779, 2502, 28069, 14441, 2502, 4.00986e+06, nan
42184, 6761, 2497, 28121, 14670, 2497, 4.00986e+06, nan
42220, 6775, 2517, 28107, 14807, 2517, 4.00986e+06, nan
42256, 6809, 2506, 28239, 14618, 2506, 4.00986e+06, nan
42291, 6855, 2513, 28226, 14623, 2513, 4.00986e+06, nan
42327, 6885, 2509, 28235, 14464, 2509, 4.00986e+06, nan
42363, 6879, 2491, 28203, 14671, 2491, 4.00986e+06, nan
42398, 6872, 2474, 28089, 15066, 2474, 4.00986e+06, nan
42433, 6884, 2471, 28108, 14658, 2471, 4.00986e+06, nan
42470, 6827, 2447, 27952, 14993, 2447, 4.00986e+06, nan
42505, 6830, 2454, 28029, 14529, 2454, 4.00986e+06, nan
42541, 6802, 2456, 27959, 14579, 2456, 4.00986e+06, nan
42577, 6773, 2466, 27917, 14689, 2466, 4.00986e+06, nan
42613, 6786, 2467, 27997, 14547, 2467, 4.00986e+06, nan
42648, 6807, 2490, 27971, 14434, 2490, 4.00986e+06, nan
42684, 6861, 2487, 27913, 14607, 2487, 4.00986e+06, nan
42720, 6896, 2494, 27934, 14500, 2494, 4.00986e+06, nan
42755, 6786, 2479, 27822, 14982, 2479, 4.00986e+06, nan
42791, 6753, 2476, 27793, 14901, 2476, 4.00986e+06, nan
42826, 6762, 2484, 27836, 14455, 2484, 4.00986e+06, nan
42863, 6747, 2482, 27795, 14944, 2482, 4.00986e+06, nan
42898, 6754, 2487, 27851, 14672, 2487, 4.00986e+06, nan
42934, 6753, 2493, 27868, 14618, 2493, 4.00986e+06, nan
42970, 6763, 2472, 27885, 14638, 2472, 4.00986e+06, nan
43001, 6751, 2474, 27805, 14966, 2474, 4.00986e+06, nan
43006, 6759, 2468, 27878, 14556, 2468, 4.00986e+06, nan
43042, 6743, 2461, 27877, 14584, 2461, 4.00986e+06, nan
43078, 6709, 2472, 27885, 14603, 2472, 4.00986e+06, nan
43114, 6699, 2493, 27981, 14487, 2493, 4.00986e+06, nan
43150, 6743, 2500, 28034, 14504, 2500, 4.00986e+06, nan
43185, 6759, 2502, 27958, 14500, 2502, 4.00986e+06, nan
43220, 6748, 2485, 27943, 14983, 2485, 4.00986e+06, nan
43257, 6727, 2501, 27977, 14583, 2501, 4.0098e+06, nan
43293, 6724, 2492, 27945, 14374, 2492, 4.0098e+06, nan
43328, 6691, 2489, 27868, 14785, 2489, 4.0098e+06, nan
43363, 6747, 2505, 27974, 14508, 2505, 4.0098e+06, nan
43400, 6734, 2500, 27876, 15091, 2500, 4.0098e+06, nan
43435, 6739, 2494, 27947, 14598, 2494, 4.0098e+06, nan
43471, 6753, 2491, 27976, 14561, 2491, 4.0098e+06, nan
43507, 6768, 2494, 27961, 14575, 2494, 4.00979e+06, nan
43542, 6742, 2507, 27962, 14275, 2507, 4.0098e+06, nan
43578, 6714, 2490, 27912, 14369, 2490, 4.00979e+06, nan
43614, 6702, 2494, 27940, 14410, 2494, 4.00979e+06, nan
43650, 6695, 2487, 27932, 14324, 2487, 4.00979e+06, nan
43686, 6687, 2509, 27905, 14390, 2509, 4.00979e+06, nan
43721, 6668, 2497, 27788, 14914, 2497, 4.00979e+06, nan
43757, 6653, 2485, 27751, 14893, 2485, 4.00979e+06, nan
43793, 6687, 2485, 27845, 14658, 2485, 4.00979e+06, nan
43828, 6725, 2485, 27964, 14352, 2485, 4.00979e+06, nan
43864, 6736, 2484, 27971, 14451, 2484, 4.00979e+06, nan
43900, 6737, 2471, 27961, 14286, 2471, 4.00979e+06, nan
43936, 6702, 2473, 27911, 14426, 2473, 4.00979e+06, nan
43971, 6672, 2470, 27863, 14361, 2470, 4.00975e+06, nan
44002, 6664, 2465, 27820, 14428, 2465, 4.00973e+06, nan
44006, 6643, 2457, 27750, 14784, 2457, 4.00973e+06, nan
44043, 6634, 2475, 27831, 14390, 2475, 4.00973e+06, nan
44079, 6625, 2477, 27808, 14267, 2477, 4.00973e+06, nan
44115, 6650, 2491, 27801, 14334, 2491, 4.00973e+06, nan
44150, 6653, 2481, 27715, 14898, 2481, 4.00973e+06, nan
44186, 6630, 2479, 27680, 14918, 2479, 4.00973e+06, nan
44222, 6634, 2483, 27699, 14902, 2483, 4.00973e+06, nan
44258, 6609, 2461, 27709, 14835, 2461, 4.00973e+06, nan
44294, 6590, 2473, 27678, 14826, 2473, 4.00973e+06, nan
44330, 6619, 2482, 27698, 14926, 2482, 4.00973e+06, nan
44366, 6606, 2489, 27714, 14893, 2489, 4.00973e+06, nan
44401, 6658, 2502, 27882, 14570, 2502, 4.00973e+06, nan
44438, 6637, 2496, 27827, 14905, 2496, 4.00973e+06, nan
44473, 6646, 2489, 27868, 14676, 2489, 4.00973e+06, nan
44509, 6662, 2488, 27847, 14555, 2488, 4.00973e+06, nan
44544, 6673, 2491, 27881, 14371, 2491, 4.00973e+06, nan
44581, 6641, 2491, 27846, 14627, 2491, 4.00973e+06, nan
44617, 6668, 2479, 27829, 14583, 2479, 4.00962e+06, nan
44652, 6686, 2474, 27876, 14539, 2474, 4.00962e+06, nan
44688, 6695, 2481, 27902, 14557, 2481, 4.00941e+06, nan
44724, 6699, 2486, 27862, 14643, 2486, 4.00941e+06, nan
44759, 6690, 2473, 27823, 14980, 2473, 4.00936e+06, nan
44795, 6689, 2460, 27853, 14946, 2460, 4.00936e+06, nan
44832, 6703, 2477, 27924, 14550, 2477, 4.00936e+06, nan
44867, 6660, 2475, 27791, 15107, 2475, 4.00936e+06, nan
44903, 6658, 2477, 27803, 15101, 2477, 4.00926e+06, nan
44938, 6680, 2483, 27922, 14736, 2483, 4.00926e+06, nan
44975, 6681, 2478, 27872, 15099, 2478, 4.00926e+06, nan
45001, 6696, 2497, 27942, 14808, 2497, 4.00926e+06, nan
45010, 6707, 2491, 27953, 14749, 2491, 4.00926e+06, nan
45018, 6726, 2496, 27976, 14647, 2496, 4.00926e+06, nan
45034, 6732, 2486, 27973, 14740, 2486, 4.00926e+06, nan
45068, 6711, 2479, 27861, 15059, 2479, 4.00926e+06, nan
45104, 6706, 2469, 27855, 14853, 2469, 4.00926e+06, nan
45139, 6700, 2485, 27941, 14586, 2485, 4.00926e+06, nan
45175, 6746, 2469, 27960, 14325, 2469, 4.00926e+06, nan
45211, 6763, 2464, 27960, 14305, 2464, 4.00926e+06, nan
45246, 6768, 2475, 27970, 14195, 2475, 4.00926e+06, nan
45282, 6790, 2475, 28000, 14355, 2475, 4.00926e+06, nan
45317, 6797, 2476, 27928, 14842, 2476, 4.00926e+06, nan
45352, 6813, 2473, 27968, 14534, 2473, 4.00921e+06, nan
45387, 6829, 2499, 28016, 14418, 2499, 4.00916e+06, nan
45424, 6825, 2493, 28055, 14626, 2493, 4.00913e+06, nan
45458, 6810, 2487, 27978, 14742, 2487, 4.00913e+06, nan
45493, 6821, 2474, 28146, 14336, 2474, 4.00913e+06, nan
45528, 6789, 2480, 28062, 14249, 2480, 4.00913e+06, nan
45564, 6787, 2481, 28049, 14438, 2481, 4.00913e+06, nan
45599, 6773, 2468, 27960, 14799, 2468, 4.00913e+06, nan
45635, 6786, 2480, 28032, 14786, 2480, 4.00913e+06, nan
45670, 6773, 2471, 28085, 14454, 2471, 4.00913e+06, nan
45706, 6758, 2475, 28107, 14323, 2475, 4.00913e+06, nan
45742, 6772, 2474, 28063, 14447, 2474, 4.00913e+06, nan
45777, 6727, 2482, 27979, 14426, 2482, 4.00913e+06, nan
45814, 6712, 2459, 27944, 14474, 2459, 4.00913e+06, nan
45849, 6723, 2473, 27977, 14254, 2473, 4.00913e+06, nan
45884, 6757, 2462, 27898, 14748, 2462, 4.00913e+06, nan
45919, 6766, 2446, 27897, 14360, 2446, 4.00913e+06, nan
45955, 6771, 2447, 27873, 14323, 2447, 4.00908e+06, nan
45991, 6796, 2442, 27831, 14410, 2442, 4.00903e+06, nan
46002, 6826, 2454, 27899, 14152, 2454, 4.00903e+06, nan
46026, 6788, 2454, 27880, 14069, 2454, 4.00903e+06, nan
46062, 6762, 2452, 27852, 14193, 2452, 4.00903e+06, nan
46098, 6763, 2456, 27880, 14101, 2456, 4.00903e+06, nan
46134, 6808, 2454, 27870, 14054, 2454, 4.00903e+06, nan
46169, 6771, 2435, 27783, 14632, 2435, 4.00903e+06, nan
46205, 6705, 2436, 27698, 14715, 2436, 4.00894e+06, nan
46241, 6751, 2443, 27763, 14646, 2443, 4.00894e+06, nan
46276, 6760, 2465, 27828, 14456, 2465, 4.00894e+06, nan
46312, 6744, 2461, 27844, 14404, 2461, 4.00894e+06, nan
46348, 6700, 2445, 27815, 14399, 2445, 4.00894e+06, nan
46384, 6697, 2432, 27707, 14433, 2432, 4.00894e+06, nan
46420, 6672, 2430, 27692, 14229, 2430, 4.00894e+06, nan
46456, 6705, 2459, 27736, 14290, 2459, 4.00894e+06, nan
46491, 6694, 2474, 27818, 14182, 2474, 4.00894e+06, nan
46527, 6710, 2461, 27825, 14170, 2461, 4.00891e+06, nan
46562, 6696, 2436, 27730, 14630, 2436, 4.00891e+06, nan
46599, 6749, 2447, 27828, 14122, 2447, 4.00891e+06, nan
46634, 6689, 2448, 27680, 14650, 2448, 4.00891e+06, nan
46669, 6684, 2445, 27740, 14391, 2445, 4.00891e+06, nan
46705, 6708, 2453, 27783, 14340, 2453, 4.00891e+06, nan
46742, 6654, 2430, 27673, 14652, 2430, 4.00891e+06, nan
46777, 6658, 2430, 27757, 14409, 2430, 4.00891e+06, nan
46813, 6639, 2416, 27758, 14311, 2416, 4.00891e+06, nan
46850, 6643, 2427, 27730, 14565, 2427, 4.00891e+06, nan
46885, 6661, 2448, 27837, 14369, 2448, 4.00891e+06, nan
46921, 6693, 2433, 27816, 14337, 2433, 4.00891e+06, nan
46956, 6698, 2460, 27848, 14384, 2460, 4.00891e+06, nan
46992, 6683, 2459, 27845, 14329, 2459, 4.00891e+06, nan
47001, 6678, 2456, 27803, 14430, 2456, 4.00891e+06, nan
47028, 6667, 2458, 27775, 14351, 2458, 4.00891e+06, nan
47063, 6643, 2448, 27709, 14793, 2448, 4.00891e+06, nan
47099, 6633, 2441, 27698, 14794, 2441, 4.00891e+06, nan
47136, 6635, 2461, 27781, 14325, 2461, 4.00891e+06, nan
47172, 6602, 2448, 27670, 14400, 2448, 4.00891e+06, nan
47207, 6633, 2419, 27627, 14815, 2419, 4.00891e+06, nan
47243, 6638, 2426, 27598, 14778, 2426, 4.00891e+06, nan
47279, 6623, 2422, 27546, 14762, 2422, 4.00891e+06, nan
47315, 6601, 2415, 27546, 14740, 2415, 4.00891e+06, nan
47350, 6596, 2439, 27568, 14603, 2439, 4.00891e+06, nan
47386, 6604, 2434, 27572, 14491, 2434, 4.00891e+06, nan
47423, 6607, 2427, 27511, 14947, 2427, 4.00891e+06, nan
47458, 6628, 2448, 27567, 14516, 2448, 4.00891e+06, nan
47494, 6606, 2449, 27570, 14400, 2449, 4.00891e+06, nan
47531, 6599, 2454, 27577, 14837, 2454, 4.00891e+06, nan
47567, 6610, 2442, 27595, 14940, 2442, 4.00891e+06, nan
47602, 6631, 2448, 27637, 14578, 2448, 4.00891e+06, nan
47637, 6670, 2464, 27603, 14530, 2464, 4.00886e+06, nan
47674, 6700, 2461, 27636, 14517, 2461, 4.00886e+06, nan
47709, 6661, 2469, 27596, 14431, 2469, 4.00878e+06, nan
47745, 6640, 2469, 27578, 14651, 2469, 4.00874e+06, nan
47781, 6609, 2467, 27534, 14639, 2467, 4.00874e+06, nan
47817, 6621, 2455, 27569, 14529, 2455, 4.00873e+06, nan
47853, 6613, 2457, 27563, 14360, 2457, 4.00873e+06, nan
47888, 6616, 2454, 27442, 14858, 2454, 4.00869e+06, nan
47925, 6635, 2481, 27575, 14499, 2481, 4.00869e+06, nan
47961, 6584, 2467, 27519, 14640, 2467, 4.00869e+06, nan
47996, 6594, 2467, 27422, 15003, 2467, 4.00869e+06, nan
48001, 6623, 2469, 27509, 14634, 2469, 4.00869e+06, nan
48032, 6604, 2457, 27469, 14874, 2457, 4.00869e+06, nan
48068, 6582, 2449, 27467, 14881, 2449, 4.00869e+06, nan
48104, 6607, 2439, 27462, 14866, 2439, 4.00869e+06, nan
48140, 6587, 2427, 27462, 14876, 2427, 4.00869e+06, nan
48176, 6579, 2425, 27465, 14721, 2425, 4.00869e+06, nan
48212, 6625, 2413, 27403, 14638, 2413, 4.00869e+06, nan
48247, 6685, 2409, 27472, 14232, 2409, 4.00869e+06, nan
48283, 6698, 2406, 27430, 14121, 2406, 4.00869e+06, nan
48320, 6677, 2382, 27330, 14362, 2382, 4.00869e+06, nan
48355, 6707, 2396, 27392, 14186, 2396, 4.00869e+06, nan
48391, 6694, 2391, 27353, 14160, 2391, 4.00869e+06, nan
48426, 6716, 2407, 27356, 13928, 2407, 4.00869e+06, nan
48463, 6691, 2381, 27318, 14004, 2381, 4.00869e+06, nan
48498, 6655, 2392, 27286, 13847, 2392, 4.00869e+06, nan
48534, 6638, 2403, 27322, 13770, 2404, 4.00869e+06, nan
48569, 6646, 2392, 27262, 14409, 2392, 4.00869e+06, nan
48606, 6682, 2420, 27351, 14114, 2420, 4.00864e+06, nan
48641, 6675, 2405, 27289, 14469, 2405, 4.00856e+06, nan
48677, 6664, 2397, 27312, 14511, 2397, 4.00856e+06, nan
48713, 6676, 2400, 27282, 14567, 2400, 4.00856e+06, nan
48748, 6685, 2420, 27288, 14243, 2420, 4.00856e+06, nan
48783, 6675, 2425, 27296, 14090, 2425, 4.00856e+06, nan
48819, 6686, 2406, 27257, 14143, 2406, 4.00856e+06, nan
48856, 6637, 2381, 27168, 14173, 2381, 4.00856e+06, nan
48891, 6633, 2394, 27228, 14060, 2394, 4.00856e+06, nan
48927, 6650, 2398, 27259, 14104, 2398, 4.00856e+06, nan
48963, 6659, 2408, 27256, 14073, 2408, 4.00856e+06, nan
48999, 6647, 2406, 27252, 14253, 2406, 4.00857e+06, nan
49001, 6622, 2401, 27171, 14678, 2401, 4.00857e+06, nan
49035, 6603, 2387, 27203, 14214, 2387, 4.00857e+06, nan
49071, 6593, 2391, 27174, 14245, 2391, 4.00852e+06, nan
49108, 6555, 2396, 27192, 14225, 2396, 4.00852e+06, nan
49144, 6612, 2397, 27241, 14265, 2397, 4.00852e+06, nan
49179, 6570, 2401, 27181, 14012, 2401, 4.00847e+06, nan
49215, 6581, 2411, 27224, 14024, 2411, 4.00847e+06, nan
49252, 6578, 2382, 27209, 13990, 2382, 4.00847e+06, nan
49288, 6574, 2386, 27169, 14218, 2386, 4.00847e+06, nan
49324, 6553, 2365, 27108, 14057, 2365, 4.00847e+06, nan
49361, 6544, 2371, 27104, 14257, 2371, 4.00847e+06, nan
49397, 6518, 2383, 27068, 14293, 2383, 4.00839e+06, nan
49433, 6489, 2380, 27046, 14337, 2380, 4.00839e+06, nan
49469, 6496, 2371, 27006, 14468, 2371, 4.00839e+06, nan
49506, 6476, 2377, 27057, 14073, 2377, 4.00839e+06, nan
49542, 6496, 2376, 27029, 14053, 2376, 4.00839e+06, nan
49578, 6498, 2382, 27073, 13952, 2382, 4.00839e+06, nan
49614, 6522, 2400, 27166, 13928, 2400, 4.00839e+06, nan
49652, 6540, 2390, 27079, 14427, 2390, 4.00829e+06, nan
49687, 6601, 2390, 27234, 14183, 2390, 4.00829e+06, nan
49723, 6606, 2391, 27233, 14272, 2391, 4.0082e+06, nan
49760, 6604, 2401, 27146, 14653, 2401, 4.00815e+06, nan
49796, 6564, 2414, 27202, 14616, 2414, 4.00815e+06, nan
49832, 6548, 2410, 27206, 14749, 2411, 4.00815e+06, nan
49867, 6588, 2418, 27319, 14382, 2419, 4.00815e+06, nan
49904, 6605, 2414, 27285, 14735, 2414, 4.0081e+06, nan
49939, 6682, 2420, 27394, 14381, 2420, 4.00813e+06, nan
49975, 6683, 2414, 27409, 14379, 2414, 4.00813e+06, nan
50002, 6675, 2409, 27366, 14395, 2409, 4.00813e+06, nan
50010, 6655, 2420, 27351, 14247, 2420, 4.00813e+06, nan
50027, 6632, 2414, 27284, 14600, 2414, 4.00813e+06, nan
50037, 6647, 2426, 27383, 14287, 2426, 4.00813e+06, nan
50067, 6636, 2430, 27365, 14349, 2430, 4.00813e+06, nan
50102, 6596, 2414, 27241, 14744, 2414, 4.00813e+06, nan
50139, 6573, 2428, 27345, 14296, 2428, 4.00808e+06, nan
50175, 6594, 2410, 27359, 14153, 2410, 4.00808e+06, nan
50212, 6624, 2388, 27435, 14175, 2388, 4.00808e+06, nan
50249, 6610, 2384, 27366, 14492, 2384, 4.00801e+06, nan
50285, 6583, 2384, 27295, 14639, 2384, 4.00801e+06, nan
50323, 6606, 2390, 27382, 14104, 2390, 4.00801e+06, nan
50359, 6623, 2387, 27407, 14138, 2387, 4.00801e+06, nan
50395, 6638, 2388, 27396, 14162, 2388, 4.00796e+06, nan
50433, 6643, 2376, 27346, 14271, 2376, nan, nan
50469, 6649, 2376, 27376, 13972, 2376, 4.00793e+06, nan
50505, 6632, 2380, 27297, 14069, 2380, 4.00793e+06, nan
50541, 6600, 2371, 27222, 14113, 2371, 4.00784e+06, nan
50579, 6588, 2361, 27231, 14287, 2361, 4.0078e+06, nan
50615, 6554, 2353, 27208, 14379, 2353, 4.00775e+06, nan
50651, 6572, 2366, 27213, 14342, 2366, 4.00775e+06, nan
50688, 6620, 2369, 27313, 13816, 2369, 4.00775e+06, nan
50725, 6596, 2370, 27340, 14005, 2370, 4.00775e+06, nan
50762, 6599, 2366, 27243, 14491, 2366, 4.00775e+06, nan
50798, 6564, 2361, 27215, 14549, 2361, 4.0077e+06, nan
50835, 6576, 2368, 27306, 14108, 2368, 4.0077e+06, nan
50871, 6593, 2368, 27282, 14157, 2368, 4.0077e+06, nan
50907, 6624, 2377, 27316, 14030, 2377, 4.00775e+06, nan
50944, 6582, 2364, 27297, 14280, 2364, 4.00775e+06, nan
50980, 6597, 2378, 27270, 14120, 2378, 4.00775e+06, nan
51001, 6608, 2371, 27293, 14029, 2371, 4.00775e+06, nan
51017, 6585, 2364, 27240, 14360, 2364, 4.00775e+06, nan
51053, 6547, 2383, 27249, 14420, 2383, 4.00775e+06, nan
51089, 6558, 2387, 27229, 14487, 2387, 4.00775e+06, nan
51126, 6569, 2393, 27332, 14268, 2393, 4.00775e+06, nan
51161, 6581, 2384, 27237, 14656, 2384, 4.00762e+06, nan
51197, 6579, 2383, 27288, 14504, 2383, 4.00762e+06, nan
51234, 6598, 2415, 27362, 14164, 2415, 4.00762e+06, nan
51270, 6548, 2400, 27339, 14115, 2400, 4.00762e+06, nan
51306, 6568, 2402, 27314, 14018, 2402, 4.00762e+06, nan
51343, 6594, 2403, 27272, 14272, 2403, 4.00762e+06, nan
51379, 6601, 2392, 27356, 14322, 2392, 4.00762e+06, nan
51415, 6607, 2387, 27363, 14276, 2387, 4.00757e+06, nan
51451, 6635, 2376, 27341, 14224, 2376, 4.00751e+06, nan
51487, 6634, 2371, 27300, 14256, 2371, 4.00751e+06, nan
51524, 6630, 2366, 27244, 14456, 2366, 4.00751e+06, nan
51561, 6643, 2372, 27296, 13896, 2372, 4.00751e+06, nan
51597, 6638, 2381, 27357, 13853, 2381, 4.00751e+06, nan
51633, 6604, 2379, 27360, 13807, 2379, 4.00751e+06, nan
51670, 6601, 2366, 27355, 14090, 2366, 4.00751e+06, nan
51706, 6602, 2379, 27313, 14168, 2379, 4.00751e+06, nan
51742, 6624, 2363, 27320, 14126, 2363, 4.00751e+06, nan
51779, 6571, 2350, 27178, 14510, 2350, 4.00751e+06, nan
51816, 6561, 2368, 27224, 14025, 2368, 4.00751e+06, nan
51852, 6575, 2376, 27296, 14084, 2376, 4.00751e+06, nan
51888, 6601, 2382, 27261, 14079, 2382, 4.00751e+06, nan
51925, 6605, 2354, 27317, 13995, 2354, 4.00751e+06, nan
51961, 6570, 2349, 27235, 14276, 2349, 4.00751e+06, nan
51997, 6585, 2361, 27184, 14282, 2361, 4.00751e+06, nan
52001, 6576, 2367, 27120, 14670, 2367, 4.00751e+06, nan
52034, 6585, 2363, 27082, 14612, 2363, 4.00751e+06, nan
52070, 6582, 2356, 27083, 14492, 2356, 4.00751e+06, nan
52106, 6579, 2353, 27160, 14462, 2353, 4.00751e+06, nan
52143, 6634, 2366, 27294, 14223, 2366, 4.00751e+06, nan
52180, 6668, 2371, 27267, 14336, 2371, 4.00746e+06, nan
52216, 6672, 2370, 27253, 14327, 2370, 4.00746e+06, nan
52252, 6644, 2363, 27268, 14224, 2363, 4.00746e+06, nan
52289, 6608, 2353, 27186, 14527, 2353, 4.00746e+06, nan
52325, 6632, 2372, 27174, 14599, 2372, 4.00746e+06, nan
52361, 6628, 2367, 27186, 14495, 2367, 4.00746e+06, nan
52397, 6639, 2370, 27250, 14567, 2370, 4.00746e+06, nan
52434, 6672, 2388, 27331, 14119, 2388, 4.00746e+06, nan
52470, 6679, 2382, 27304, 14052, 2382, 4.00746e+06, nan
52505, 6612, 2365, 27178, 14331, 2365, 4.00746e+06, nan
52542, 6643, 2389, 27253, 13868, 2389, 4.00746e+06, nan
52578, 6638, 2389, 27300, 13877, 2389, 4.00746e+06, nan
52614, 6685, 2394, 27333, 13876, 2394, 4.00746e+06, nan
52650, 6686, 2389, 27249, 14052, 2389, 4.00746e+06, nan
52685, 6630, 2377, 27123, 14556, 2377, 4.00746e+06, nan
52722, 6576, 2383, 27160, 14158, 2383, 4.00746e+06, nan
52758, 6586, 2391, 27208, 14084, 2391, 4.00741e+06, nan
52794, 6584, 2400, 27174, 13943, 2400, 4.00741e+06, nan
52831, 6589, 2378, 27141, 14162, 2378, 4.00736e+06, nan
52867, 6616, 2385, 27225, 14031, 2385, 4.00736e+06, nan
52902, 6586, 2384, 27174, 14174, 2384, 4.00731e+06, nan
52938, 6617, 2383, 27168, 14024, 2383, 4.0073e+06, nan
52975, 6609, 2367, 27210, 14167, 2367, 4.0073e+06, nan
53001, 6596, 2377, 27198, 14154, 2377, 4.0073e+06, nan
53011, 6614, 2369, 27182, 14330, 2369, 4.0073e+06, nan
53047, 6595, 2384, 27143, 14258, 2384, 4.0073e+06, nan
53083, 6559, 2367, 27188, 14184, 2367, 4.0073e+06, nan
53120, 6589, 2365, 27109, 14593, 2365, 4.0073e+06, nan
53156, 6567, 2363, 27097, 14644, 2363, 4.00725e+06, nan
53192, 6579, 2362, 27155, 14485, 2362, 4.00725e+06, nan
53228, 6591, 2364, 27177, 14529, 2364, 4.00721e+06, nan
53265, 6618, 2380, 27296, 14132, 2380, 4.00721e+06, nan
53301, 6621, 2382, 27284, 14069, 2382, 4.00716e+06, nan
53337, 6663, 2386, 27291, 14243, 2386, 4.00716e+06, nan
53374, 6589, 2382, 27207, 14256, 2382, 4.00711e+06, nan
53410, 6594, 2394, 27198, 14147, 2394, 4.00711e+06, nan
53445, 6603, 2397, 27233, 14074, 2397, 4.00711e+06, nan
53481, 6584, 2381, 27153, 14097, 2381, 4.00711e+06, nan
53518, 6595, 2377, 27079, 14289, 2377, 4.00711e+06, nan
53554, 6562, 2374, 27128, 14213, 2374, 4.00706e+06, nan
53590, 6556, 2377, 27120, 14229, 2377, 4.00702e+06, nan
53626, 6552, 2390, 27065, 14248, 2390, 4.00702e+06, nan
53663, 6550, 2380, 27016, 14544, 2380, 4.00702e+06, nan
53699, 6516, 2386, 26930, 14575, 2386, 4.00702e+06, nan
53735, 6512, 2397, 26958, 14579, 2397, 4.00702e+06, nan
53772, 6527, 2414, 27080, 14324, 2414, 4.00702e+06, nan
53809, 6551, 2375, 27054, 14246, 2375, 4.00702e+06, nan
53844, 6573, 2406, 27166, 14099, 2406, 4.00702e+06, nan
53881, 6558, 2392, 27180, 14108, 2392, 4.00702e+06, nan
53918, 6545, 2383, 27093, 14485, 2383, 4.00702e+06, nan
53954, 6563, 2391, 27059, 14529, 2391, 4.00697e+06, nan
53990, 6551, 2388, 27062, 14378, 2388, 4.00697e+06, nan
54001, 6563, 2390, 27121, 14205, 2390, 4.00697e+06, nan
54026, 6560, 2386, 26991, 14514, 2386, 4.00692e+06, nan
54063, 6670, 2422, 27174, 14048, 2422, 4.00692e+06, nan
54099, 6658, 2416, 27201, 14134, 2416, 4.00692e+06, nan
54135, 6666, 2411, 27142, 14197, 2411, 4.00692e+06, nan
54171, 6646, 2406, 27167, 14107, 2406, 4.00686e+06, nan
54208, 6616, 2411, 27163, 14153, 2411, 4.00686e+06, nan
54244, 6594, 2389, 27139, 14248, 2389, 4.00686e+06, nan
54280, 6580, 2381, 27107, 14309, 2381, 4.00686e+06, nan
54317, 6579, 2373, 26996, 14614, 2373, 4.00686e+06, nan
54353, 6575, 2368, 26958, 14780, 2368, 4.00686e+06, nan
54389, 6571, 2371, 26941, 14759, 2371, 4.00686e+06, nan
54425, 6522, 2368, 26858, 14697, 2368, 4.00686e+06, nan
54462, 6546, 2390, 27015, 14203, 2390, 4.00686e+06, nan
54499, 6541, 2376, 27038, 14386, 2376, 4.00686e+06, nan
54534, 6549, 2403, 27044, 14183, 2403, 4.00686e+06, nan
54571, 6549, 2387, 27125, 14362, 2387, 4.00686e+06, nan
54607, 6560, 2401, 27187, 14264, 2401, 4.00685e+06, nan
54643, 6544, 2409, 27217, 14343, 2409, 4.00685e+06, nan
54679, 6572, 2401, 27242, 14449, 2401, 4.00685e+06, nan
54716, 6560, 2403, 27136, 14840, 2403, 4.00685e+06, nan
54752, 6556, 2406, 27093, 14739, 2406, 4.00685e+06, nan
54788, 6550, 2412, 27129, 14802, 2412, 4.00685e+06, nan
54824, 6535, 2404, 27108, 14677, 2404, 4.00685e+06, nan
54861, 6562, 2414, 27202, 14434, 2414, 4.00685e+06, nan
54897, 6538, 2425, 27204, 14355, 2425, 4.00685e+06, nan
54933, 6507, 2440, 27248, 14323, 2440, 4.00685e+06, nan
54970, 6483, 2433, 27276, 14484, 2433, 4.00685e+06, nan
55002, 6500, 2463, 27283, 14386, 2463, 4.00685e+06, nan
55005, 6523, 2446, 27299, 14322, 2446, 4.00685e+06, nan
55016, 6513, 2434, 27207, 14728, 2434, 4.00681e+06, nan
55027, 6530, 2434, 27256, 14397, 2434, 4.00681e+06, nan
55062, 6490, 2436, 27255, 14446, 2436, 4.00681e+06, nan
55099, 6478, 2417, 27193, 14400, 2417, 4.00676e+06, nan
55136, 6445, 2432, 27086, 14838, 2432, 4.00676e+06, nan
55172, 6503, 2449, 27231, 14728, 2449, 4.00671e+06, nan
55208, 6519, 2456, 27330, 14760, 2456, 4.00667e+06, nan
55244, 6545, 2452, 27298, 14901, 2452, 4.00663e+06, nan
55281, 6557, 2459, 27446, 14565, 2459, 4.00663e+06, nan
55316, 6532, 2461, 27377, 14863, 2461, 4.00658e+06, nan
55352, 6549, 2463, 27354, 14752, 2463, 4.00653e+06, nan
55387, 6574, 2481, 27511, 14593, 2481, 4.00648e+06, nan
55424, 6542, 2454, 27439, 14756, 2454, 4.00644e+06, nan
55459, 6529, 2467, 27499, 14631, 2467, 4.00644e+06, nan
55495, 6513, 2465, 27524, 14612, 2465, 4.00639e+06, nan
55532, 6499, 2460, 27543, 14713, 2461, 4.00634e+06, nan
55568, 6498, 2448, 27452, 14693, 2448, 4.00634e+06, nan
55604, 6517, 2452, 27476, 14943, 2452, 4.00634e+06, nan
55640, 6544, 2456, 27515, 14998, 2456, 4.00634e+06, nan
55677, 6555, 2448, 27570, 14410, 2448, 4.00634e+06, nan
55712, 6554, 2441, 27439, 14764, 2441, 4.00634e+06, nan
55749, 6555, 2446, 27506, 14343, 2446, 4.00634e+06, nan
55783, 6556, 2421, 27492, 14367, 2421, 4.00627e+06, nan
55820, 6533, 2413, 27421, 14787, 2413, 4.00627e+06, nan
55856, 6547, 2394, 27347, 14532, 2394, 4.00627e+06, nan
55892, 6529, 2399, 27341, 14539, 2399, 4.00627e+06, nan
55929, 6563, 2428, 27474, 14439, 2428, 4.00627e+06, nan
55964, 6541, 2427, 27386, 14761, 2427, 4.00627e+06, nan
56000, 6527, 2417, 27345, 14747, 2417, 4.00627e+06, nan
56001, 6539, 2427, 27415, 14324, 2427, 4.00627e+06, nan
56035, 6594, 2423, 27460, 14511, 2423, 4.00627e+06, nan
56072, 6554, 2417, 27417, 14842, 2417, 4.00627e+06, nan
56108, 6529, 2433, 27427, 14846, 2433, 4.00627e+06, nan
56144, 6538, 2420, 27426, 14925, 2420, 4.00627e+06, nan
56180, 6559, 2433, 27511, 14767, 2433, 4.00627e+06, nan
56217, 6644, 2453, 27606, 14350, 2453, 4.00627e+06, nan
56252, 6633, 2437, 27560, 14920, 2437, 4.00627e+06, nan
56288, 6606, 2424, 27455, 14989, 2424, 4.00627e+06, nan
56323, 6648, 2431, 27570, 14800, 2431, 4.00627e+06, nan
56360, 6589, 2415, 27461, 14995, 2415, 4.00627e+06, nan
56396, 6578, 2418, 27479, 14876, 2418, 4.00627e+06, nan
56431, 6644, 2421, 27615, 14461, 2421, 4.00627e+06, nan
56468, 6633, 2412, 27542, 14670, 2412, 4.00627e+06, nan
56504, 6620, 2417, 27571, 14916, 2417, 4.00627e+06, nan
56539, 6655, 2407, 27599, 14479, 2407, 4.00627e+06, nan
56575, 6651, 2410, 27616, 14328, 2410, 4.00627e+06, nan
56612, 6619, 2403, 27463, 14796, 2403, 4.00627e+06, nan
56648, 6573, 2404, 27491, 14784, 2404, 4.00624e+06, nan
56684, 6551, 2406, 27501, 14846, 2406, 4.00624e+06, nan
56721, 6544, 2415, 27568, 14460, 2415, 4.00624e+06, nan
56757, 6564, 2422, 27576, 14263, 2422, 4.00624e+06, nan
56792, 6553, 2406, 27534, 14818, 2406, 4.00624e+06, nan
56827, 6590, 2410, 27625, 14388, 2410, 4.00624e+06, nan
56864, 6549, 2416, 27530, 14713, 2416, 4.00624e+06, nan
56900, 6567, 2415, 27511, 14619, 2415, 4.00624e+06, nan
56936, 6557, 2423, 27478, 14811, 2423, 4.00624e+06, nan
56972, 6551, 2419, 27462, 14743, 2419, 4.00624e+06, nan
57002, 6547, 2419, 27441, 14749, 2419, 4.00624e+06, nan
57009, 6536, 2431, 27503, 14393, 2431, 4.00624e+06, nan
57045, 6545, 2424, 27556, 14205, 2424, 4.00624e+06, nan
57080, 6552, 2404, 27448, 14802, 2404, 4.00624e+06, nan
57115, 6581, 2400, 27604, 14384, 2400, 4.00624e+06, nan
57152, 6590, 2393, 27485, 14552, 2393, 4.00624e+06, nan
57188, 6549, 2377, 27429, 14639, 2377, 4.00624e+06, nan
57224, 6538, 2373, 27386, 14539, 2373, 4.00623e+06, nan
57261, 6551, 2398, 27441, 14217, 2398, 4.00623e+06, nan
57296, 6577, 2381, 27315, 14565, 2381, 4.00623e+06, nan
57332, 6575, 2373, 27214, 14677, 2373, 4.00623e+06, nan
57368, 6581, 2379, 27212, 14583, 2379, 4.00623e+06, nan
57405, 6596, 2403, 27352, 14318, 2403, 4.00623e+06, nan
57440, 6621, 2390, 27258, 14705, 2390, 4.00623e+06, nan
57476, 6590, 2388, 27312, 14751, 2388, 4.00623e+06, nan
57512, 6600, 2383, 27340, 14614, 2383, 4.00619e+06, nan
57549, 6627, 2399, 27472, 14172, 2399, 4.00609e+06, nan
57584, 6642, 2390, 27428, 14619, 2390, 4.00609e+06, nan
57619, 6702, 2402, 27553, 14338, 2402, 4.00609e+06, nan
57655, 6699, 2385, 27468, 14408, 2385, 4.00609e+06, nan
57691, 6734, 2382, 27382, 14486, 2382, 4.00609e+06, nan
57726, 6706, 2387, 27391, 14407, 2387, 4.00609e+06, nan
57762, 6689, 2391, 27339, 14270, 2391, 4.00609e+06, nan
57798, 6667, 2386, 27293, 14233, 2386, 4.00609e+06, nan
57834, 6665, 2395, 27321, 14250, 2395, 4.00609e+06, nan
57869, 6641, 2371, 27272, 14685, 2371, 4.00609e+06, nan
57905, 6643, 2370, 27281, 14599, 2370, 4.00609e+06, nan
57942, 6668, 2375, 27396, 14052, 2375, 4.00609e+06, nan
57977, 6655, 2353, 27293, 14435, 2353, 4.00609e+06, nan
58001, 6625, 2342, 27194, 14463, 2342, 4.006e+06, nan
58013, 6643, 2347, 27215, 14475, 2347, 4.006e+06, nan
58050, 6642, 2350, 27239, 14056, 2350, 4.00597e+06, nan
58086, 6623, 2343, 27185, 14092, 2343, 4.00597e+06, nan
58122, 6590, 2351, 27127, 14088, 2351, 4.00597e+06, nan
58157, 6580, 2348, 27105, 14449, 2348, 4.00597e+06, nan
58194, 6598, 2376, 27167, 14038, 2376, 4.00597e+06, nan
58230, 6617, 2362, 27173, 14055, 2362, 4.00597e+06, nan
58266, 6639, 2360, 27202, 14142, 2360, 4.00597e+06, nan
58302, 6619, 2355, 27129, 14154, 2355, 4.00597e+06, nan
58339, 6688, 2347, 27045, 14234, 2347, 4.00597e+06, nan
58375, 6641, 2340, 26957, 14279, 2340, 4.00597e+06, nan
58411, 6616, 2350, 26952, 14174, 2350, 4.00597e+06, nan
58447, 6593, 2357, 26977, 14212, 2357, 4.00597e+06, nan
58485, 6560, 2362, 26951, 13987, 2362, 4.00597e+06, nan
58521, 6555, 2354, 26907, 14272, 2354, 4.00597e+06, nan
58557, 6585, 2347, 26945, 13998, 2347, 4.00597e+06, nan
58594, 6581, 2347, 26952, 14205, 2347, 4.00597e+06, nan
58629, 6617, 2355, 26851, 14018, 2355, 4.00597e+06, nan
58665, 6565, 2327, 26767, 14074, 2327, 4.00597e+06, nan
58701, 6525, 2335, 26713, 14012, 2335, 4.00597e+06, nan
58738, 6547, 2332, 26736, 14120, 2332, 4.00597e+06, nan
58774, 6513, 2335, 26793, 14076, 2335, 4.00597e+06, nan
58810, 6545, 2325, 26781, 14092, 2325, 4.00597e+06, nan
58847, 6532, 2334, 26680, 14585, 2334, 4.00597e+06, nan
58883, 6579, 2351, 26731, 14557, 2351, 4.00597e+06, nan
58919, 6574, 2355, 26780, 14397, 2355, 4.00597e+06, nan
58954, 6585, 2352, 26853, 14096, 2352, 4.00597e+06, nan
58992, 6598, 2356, 26798, 14224, 2356, 4.00597e+06, nan
59001, 6593, 2348, 26839, 14173, 2348, 4.00597e+06, nan
59027, 6563, 2334, 26765, 14475, 2334, 4.00597e+06, nan
59063, 6524, 2343, 26746, 14595, 2343, 4.00597e+06, nan
59099, 6542, 2350, 26778, 14598, 2350, 4.00597e+06, nan
59136, 6522, 2375, 26836, 14251, 2375, 4.00597e+06, nan
59172, 6555, 2370, 26854, 14209, 2370, 4.00597e+06, nan
59208, 6531, 2360, 26827, 14247, 2360, 4.00597e+06, nan
59245, 6553, 2343, 26841, 14118, 2343, 4.00597e+06, nan
59281, 6542, 2354, 26861, 14111, 2354, 4.00597e+06, nan
59317, 6536, 2349, 26865, 14176, 2349, 4.00597e+06, nan
59353, 6524, 2345, 26871, 14098, 2345, 4.00592e+06, nan
59390, 6548, 2332, 26813, 14368, 2332, 4.00592e+06, nan
59426, 6519, 2330, 26812, 14321, 2330, 4.00592e+06, nan
59462, 6526, 2334, 26836, 14296, 2334, 4.00592e+06, nan
59498, 6500, 2343, 26827, 14356, 2343, 4.00592e+06, nan
59536, 6515, 2338, 26858, 14151, 2338, 4.00592e+06, nan
59571, 6514, 2358, 26868, 14016, 2358, 4.00592e+06, nan
59600, 6516, 2356, 26845, 14411, 2356, 4.00592e+06, nan
59630, 6510, 2351, 26863, 14499, 2351, 4.00592e+06, nan
59667, 6530, 2360, 26951, 14263, 2360, 4.00588e+06, nan
59703, 6532, 2353, 26952, 14138, 2353, 4.00579e+06, nan
59739, 6531, 2351, 26941, 14302, 2351, 4.00579e+06, nan
59775, 6542, 2358, 26929, 14147, 2358, 4.00574e+06, nan
59813, 6558, 2347, 26792, 14708, 2347, 4.00574e+06, nan
59849, 6562, 2351, 26821, 14663, 2351, 4.00574e+06, nan
59886, 6537, 2366, 26836, 14304, 2366, 4.00569e+06, nan
59923, 6484, 2354, 26820, 14547, 2354, 4.00565e+06, nan
59960, 6449, 2346, 26723, 14605, 2346, 4.0056e+06, nan
59997, 6496, 2377, 26885, 14004, 2377, 4.0056e+06, nan
60002, 6473, 2360, 26805, 14484, 2360, 4.0056e+06, nan
60033, 6500, 2389, 26868, 14159, 2389, 4.0056e+06, nan
60071, 6482, 2384, 26851, 14477, 2384, 4.0056e+06, nan
60107, 6483, 2367, 26890, 14551, 2367, 4.0056e+06, nan
60143, 6499, 2339, 26852, 14639, 2339, 4.0056e+06, nan
60180, 6490, 2351, 26959, 14274, 2351, 4.0056e+06, nan
60186, 6483, 2347, 26944, 14319, 2347, 4.0056e+06, nan
60206, 6542, 2340, 26954, 14446, 2340, 4.00556e+06, nan
60243, 6510, 2353, 26913, 14190, 2353, 4.00556e+06, nan
60280, 6495, 2341, 26928, 14351, 2341, 4.00556e+06, nan
60316, 6525, 2335, 26896, 14225, 2335, 4.00556e+06, nan
60353, 6489, 2348, 26847, 14556, 2348, 4.00556e+06, nan
60390, 6506, 2362, 26891, 14232, 2362, 4.00546e+06, nan
60427, 6509, 2341, 26856, 14327, 2341, 4.00542e+06, nan
60463, 6506, 2345, 26867, 14289, 2345, 4.00542e+06, nan
60501, 6513, 2360, 26858, 14251, 2360, 4.00537e+06, nan
60537, 6494, 2360, 26835, 14221, 2360, 4.00532e+06, nan
60573, 6495, 2362, 26857, 14334, 2362, 4.00532e+06, nan
60610, 6492, 2354, 26823, 14363, 2355, 4.00532e+06, nan
60647, 6449, 2358, 26789, 14589, 2358, 4.00532e+06, nan
60685, 6500, 2342, 26854, 14229, 2342, 4.00532e+06, nan
60721, 6543, 2342, 26893, 14147, 2342, 4.00532e+06, nan
60758, 6517, 2356, 26759, 14540, 2356, 4.00532e+06, nan
60795, 6530, 2373, 26885, 14209, 2373, 4.00532e+06, nan
60831, 6518, 2374, 26922, 14266, 2374, 4.00532e+06, nan
60868, 6509, 2365, 26966, 14245, 2365, 4.00532e+06, nan
60905, 6546, 2358, 26898, 14520, 2358, 4.00532e+06, nan
60941, 6572, 2366, 26940, 14505, 2366, 4.00532e+06, nan
60977, 6556, 2370, 26894, 14568, 2370, 4.00532e+06, nan
61002, 6572, 2370, 27015, 14122, 2370, 4.00532e+06, nan
61013, 6560, 2355, 26910, 14520, 2355, 4.00532e+06, nan
61050, 6590, 2353, 26987, 14171, 2353, 4.0052e+06, nan
61086, 6610, 2342, 27006, 14082, 2342, 4.0052e+06, nan
61122, 6615, 2348, 26978, 14222, 2349, 4.0052e+06, nan
61158, 6581, 2339, 26898, 14086, 2339, 4.00515e+06, nan
61196, 6570, 2325, 26810, 14353, 2325, 4.00515e+06, nan
61232, 6525, 2337, 26752, 14423, 2337, 4.00515e+06, nan
61268, 6534, 2324, 26746, 14298, 2324, 4.00515e+06, nan
61305, 6503, 2326, 26817, 13939, 2326, 4.00505e+06, nan
61342, 6518, 2328, 26826, 14043, 2328, 4.00505e+06, nan
61378, 6524, 2312, 26797, 14115, 2312, 4.005e+06, nan
61415, 6511, 2311, 26714, 14423, 2311, 4.005e+06, nan
61452, 6520, 2343, 26783, 14188, 2343, 4.005e+06, nan
61489, 6517, 2319, 26799, 14218, 2319, 4.005e+06, nan
61526, 6474, 2320, 26687, 14628, 2320, 4.00496e+06, nan
61562, 6468, 2329, 26687, 14611, 2329, 4.00496e+06, nan
61600, 6474, 2333, 26770, 14300, 2333, 4.00496e+06, nan
61636, 6453, 2330, 26782, 14298, 2330, 4.00495e+06, nan
61673, 6412, 2332, 26690, 14538, 2332, 4.00496e+06, nan
61709, 6416, 2323, 26764, 14619, 2323, 4.00496e+06, nan
61746, 6470, 2332, 26907, 14182, 2333, 4.00496e+06, nan
61782, 6471, 2329, 26928, 14135, 2329, 4.00496e+06, nan
61819, 6459, 2308, 26907, 14199, 2308, 4.00496e+06, nan
61856, 6457, 2312, 26781, 14504, 2312, 4.00496e+06, nan
61893, 6519, 2341, 26881, 14003, 2341, 4.00496e+06, nan
61930, 6514, 2331, 26863, 14012, 2331, 4.00496e+06, nan
61966, 6517, 2335, 26868, 13912, 2335, 4.00491e+06, nan
62001, 6529, 2371, 26907, 14039, 2371, 4.00486e+06, nan
62003, 6496, 2351, 26817, 14491, 2351, 4.00487e+06, nan
62039, 6485, 2346, 26888, 14360, 2346, 4.00482e+06, nan
62075, 6473, 2347, 26913, 14570, 2347, 4.00477e+06, nan
62111, 6493, 2338, 26906, 14579, 2338, 4.00477e+06, nan
62148, 6497, 2344, 26950, 14334, 2344, 4.00477e+06, nan
62185, 6536, 2344, 27014, 14312, 2344, 4.00477e+06, nan
62221, 6512, 2344, 26963, 14393, 2344, 4.00477e+06, nan
62258, 6504, 2332, 26914, 14743, 2332, 4.00477e+06, nan
62295, 6509, 2355, 26956, 14278, 2355, 4.00477e+06, nan
62331, 6567, 2351, 26967, 14259, 2351, 4.00477e+06, nan
62367, 6560, 2350, 26891, 14313, 2350, 4.00477e+06, nan
62404, 6576, 2357, 26959, 14498, 2357, 4.00477e+06, nan
62440, 6516, 2362, 26960, 14429, 2362, 4.00477e+06, nan
62476, 6508, 2361, 26955, 14455, 2361, 4.00467e+06, nan
62512, 6534, 2358, 26992, 14432, 2358, 4.00462e+06, nan
62549, 6506, 2370, 26915, 14835, 2370, 4.00462e+06, nan
62585, 6500, 2351, 26854, 14796, 2351, 4.00458e+06, nan
62621, 6509, 2350, 26788, 14765, 2350, 4.00458e+06, nan
62659, 6505, 2321, 26831, 14326, 2321, 4.00453e+06, nan
62695, 6515, 2334, 26907, 14100, 2334, 4.00453e+06, nan
62731, 6526, 2339, 26892, 14223, 2339, 4.00453e+06, nan
62767, 6498, 2339, 26867, 14137, 2339, 4.00453e+06, nan
62804, 6482, 2349, 26769, 14573, 2349, 4.00453e+06, nan
62840, 6422, 2349, 26731, 14561, 2349, 4.00453e+06, nan
62877, 6428, 2361, 26820, 14303, 2361, 4.00453e+06, nan
62912, 6453, 2350, 26823, 14444, 2350, 4.00453e+06, nan
62950, 6465, 2351, 26985, 14143, 2351, 4.00453e+06, nan
62986, 6480, 2344, 26953, 14193, 2344, 4.00453e+06, nan
63001, 6461, 2351, 26919, 14308, 2351, 4.00453e+06, nan
63022, 6499, 2339, 26930, 14232, 2339, 4.00453e+06, nan
63060, 6503, 2330, 26896, 14078, 2330, 4.00453e+06, nan
63096, 6516, 2330, 26866, 14138, 2330, 4.00453e+06, nan
63133, 6507, 2309, 26823, 14075, 2309, 4.00453e+06, nan
63169, 6473, 2298, 26758, 13962, 2298, 4.00453e+06, nan
63207, 6436, 2298, 26688, 13806, 2298, 4.00453e+06, nan
63244, 6441, 2305, 26661, 13991, 2305, 4.00453e+06, nan
63280, 6394, 2302, 26627, 14109, 2302, 4.00453e+06, nan
63317, 6405, 2314, 26580, 14399, 2314, 4.00453e+06, nan
63354, 6394, 2322, 26594, 14116, 2322, 4.00453e+06, nan
63391, 6389, 2325, 26623, 14309, 2325, 4.00453e+06, nan
63428, 6387, 2321, 26652, 14519, 2321, 4.00453e+06, nan
63464, 6414, 2305, 26697, 14415, 2305, 4.00453e+06, nan
63502, 6493, 2313, 26796, 14061, 2313, 4.00453e+06, nan
63538, 6489, 2310, 26788, 14087, 2310, 4.00453e+06, nan
63575, 6459, 2298, 26707, 14323, 2298, 4.00453e+06, nan
63612, 6478, 2323, 26746, 14064, 2323, 4.00453e+06, nan
63649, 6501, 2329, 26843, 14215, 2329, 4.00453e+06, nan
63685, 6479, 2327, 26877, 14106, 2327, 4.00453e+06, nan
63721, 6496, 2335, 26834, 14161, 2335, 4.00448e+06, nan
63758, 6450, 2323, 26705, 14375, 2323, 4.00444e+06, nan
63795, 6470, 2314, 26750, 14055, 2314, 4.00444e+06, nan
63831, 6459, 2321, 26706, 13960, 2321, 4.00444e+06, nan
63867, 6469, 2345, 26701, 14117, 2345, 4.00444e+06, nan
63904, 6417, 2336, 26702, 14225, 2336, 4.00444e+06, nan
63940, 6382, 2343, 26710, 14281, 2343, 4.00444e+06, nan
63977, 6344, 2325, 26552, 14468, 2325, 4.00444e+06, nan
64001, 6347, 2331, 26581, 14547, 2331, 4.00444e+06, nan
64014, 6384, 2332, 26675, 14023, 2332, 4.00444e+06, nan
64050, 6425, 2327, 26667, 14108, 2327, 4.00444e+06, nan
64086, 6475, 2326, 26672, 14025, 2326, 4.00444e+06, nan
64123, 6458, 2311, 26616, 14204, 2311, 4.00444e+06, nan
64161, 6448, 2339, 26690, 14003, 2339, 4.00444e+06, nan
64197, 6425, 2324, 26648, 13924, 2324, 4.00439e+06, nan
64233, 6424, 2328, 26608, 13948, 2328, 4.00439e+06, nan
64271, 6397, 2311, 26571, 14398, 2311, 4.00439e+06, nan
64308, 6417, 2332, 26559, 14134, 2332, 4.00439e+06, nan
64344, 6412, 2323, 26540, 14241, 2323, 4.00438e+06, nan
64380, 6394, 2335, 26539, 14209, 2335, 4.00438e+06, nan
64418, 6322, 2321, 26419, 14646, 2321, 4.00438e+06, nan
64455, 6265, 2311, 26394, 14200, 2311, 4.00433e+06, nan
64491, 6283, 2322, 26427, 14118, 2322, 4.00433e+06, nan
64528, 6262, 2319, 26457, 14242, 2319, 4.00433e+06, nan
64566, 6341, 2321, 26440, 14121, 2321, 4.00433e+06, nan
64603, 6359, 2294, 26449, 14242, 2294, 4.00433e+06, nan
64640, 6346, 2311, 26379, 14452, 2311, 4.00433e+06, nan
64677, 6366, 2318, 26443, 13959, 2318, 4.00433e+06, nan
64715, 6343, 2303, 26351, 14351, 2303, 4.00433e+06, nan
64752, 6384, 2307, 26453, 14087, 2307, 4.00433e+06, nan
64788, 6401, 2321, 26508, 14038, 2321, 4.00433e+06, nan
64826, 6379, 2306, 26406, 14321, 2306, 4.00433e+06, nan
64863, 6380, 2322, 26468, 13950, 2322, 4.00433e+06, nan
64899, 6357, 2321, 26462, 14148, 2321, 4.00433e+06, nan
64936, 6361, 2306, 26412, 14187, 2306, 4.00433e+06, nan
64973, 6330, 2306, 26384, 14485, 2306, 4.00428e+06, nan
65002, 6379, 2320, 26513, 14182, 2320, 4.00423e+06, nan
65010, 6380, 2332, 26501, 14160, 2332, 4.00423e+06, nan
65047, 6356, 2327, 26465, 14183, 2327, 4.00418e+06, nan
65083, 6439, 2326, 26525, 14166, 2326, 4.00418e+06, nan
65089, 6438, 2326, 26512, 14218, 2326, 4.00414e+06, nan
65094, 6438, 2333, 26509, 14138, 2333, 4.00414e+06, nan
65125, 6397, 2313, 26455, 14276, 2313, 4.00409e+06, nan
65162, 6350, 2312, 26367, 14353, 2312, 4.00404e+06, nan
65198, 6312, 2303, 26401, 14404, 2303, 4.00399e+06, nan
65235, 6294, 2308, 26454, 14021, 2308, 4.00399e+06, nan
65272, 6343, 2322, 26454, 14177, 2322, 4.00399e+06, nan
65309, 6315, 2313, 26401, 14470, 2313, 4.00399e+06, nan
65345, 6339, 2318, 26423, 14522, 2318, 4.00399e+06, nan
65382, 6369, 2342, 26535, 14102, 2342, 4.00399e+06, nan
65420, 6392, 2306, 26490, 14520, 2306, 4.00399e+06, nan
65456, 6360, 2319, 26438, 14480, 2319, 4.00394e+06, nan
65492, 6346, 2315, 26481, 14481, 2315, 4.00391e+06, nan
65530, 6387, 2323, 26593, 14314, 2323, 4.00391e+06, nan
65566, 6360, 2308, 26512, 14124, 2308, 4.00391e+06, nan
65603, 6365, 2313, 26436, 14444, 2313, 4.00391e+06, nan
65639, 6376, 2304, 26528, 14226, 2304, 4.00391e+06, nan
65676, 6427, 2325, 26597, 14020, 2325, 4.00391e+06, nan
65713, 6457, 2303, 26513, 14206, 2303, 4.00391e+06, nan
65750, 6388, 2290, 26394, 14514, 2290, 4.00391e+06, nan
65788, 6411, 2293, 26496, 14109, 2293, 4.00391e+06, nan
65824, 6418, 2302, 26568, 13922, 2302, 4.00391e+06, nan
65860, 6400, 2297, 26509, 13961, 2297, 4.00391e+06, nan
65897, 6342, 2296, 26373, 14405, 2296, 4.00391e+06, nan
65934, 6371, 2294, 26555, 13732, 2294, 4.00391e+06, nan
65970, 6388, 2300, 26507, 13849, 2300, 4.00391e+06, nan
66001, 6394, 2290, 26549, 13792, 2290, 4.00391e+06, nan
66004, 6392, 2289, 26554, 13777, 2289, 4.00391e+06, nan
66041, 6368, 2294, 26468, 14216, 2294, 4.00391e+06, nan
66078, 6395, 2284, 26513, 13774, 2284, 4.00391e+06, nan
66114, 6418, 2300, 26558, 13783, 2300, 4.00391e+06, nan
66150, 6444, 2286, 26491, 13686, 2286, 4.00391e+06, nan
66187, 6454, 2284, 26492, 13804, 2284, 4.00391e+06, nan
66223, 6443, 2290, 26526, 13734, 2290, nan, nan
66260, 6383, 2281, 26391, 14178, 2281, 4.00385e+06, nan
66297, 6431, 2307, 26504, 13801, 2307, 4.00385e+06, nan
66333, 6487, 2304, 26500, 13819, 2304, 4.00385e+06, nan
66370, 6443, 2300, 26463, 13988, 2300, 4.00385e+06, nan
66407, 6428, 2290, 26353, 14185, 2290, 4.00385e+06, nan
66443, 6407, 2290, 26373, 14298, 2290, 4.00385e+06, nan
66480, 6445, 2299, 26471, 13705, 2299, 4.00385e+06, nan
66517, 6496, 2289, 26458, 13729, 2289, 4.0038e+06, nan
66554, 6441, 2269, 26295, 14117, 2269, 4.00375e+06, nan
66590, 6475, 2270, 26318, 14160, 2270, 4.00375e+06, nan
66627, 6472, 2276, 26415, 13731, 2276, 4.00375e+06, nan
66664, 6467, 2269, 26415, 13870, 2269, 4.00375e+06, nan
66701, 6423, 2269, 26341, 14367, 2269, 4.00375e+06, nan
66737, 6415, 2280, 26343, 14352, 2280, 4.00375e+06, nan
66775, 6423, 2272, 26500, 14071, 2272, 4.00375e+06, nan
66811, 6414, 2274, 26533, 14001, 2274, 4.00375e+06, nan
66848, 6368, 2283, 26452, 14243, 2283, 4.00375e+06, nan
66886, 6375, 2285, 26514, 13927, 2285, 4.00375e+06, nan
66922, 6374, 2287, 26488, 14095, 2287, 4.00375e+06, nan
66959, 6363, 2271, 26397, 14305, 2271, 4.00375e+06, nan
66996, 6382, 2289, 26492, 13853, 2289, 4.00375e+06, nan
67001, 6352, 2281, 26391, 14180, 2281, 4.00375e+06, nan
67033, 6455, 2290, 26572, 13990, 2290, 4.00375e+06, nan
67070, 6419, 2281, 26477, 14384, 2281, 4.00375e+06, nan
67106, 6386, 2279, 26418, 14442, 2279, 4.00375e+06, nan
67143, 6377, 2285, 26531, 13977, 2285, 4.00375e+06, nan
67180, 6398, 2284, 26505, 13947, 2284, 4.00375e+06, nan
67217, 6405, 2287, 26474, 14103, 2287, 4.00375e+06, nan
67253, 6441, 2290, 26533, 14139, 2290, 4.00375e+06, nan
67291, 6491, 2287, 26530, 13914, 2287, 4.00375e+06, nan
67327, 6472, 2284, 26549, 14064, 2284, 4.00375e+06, nan
67364, 6433, 2298, 26460, 14474, 2298, 4.0037e+06, nan
67400, 6434, 2290, 26457, 14387, 2290, 4.0037e+06, nan
67438, 6460, 2308, 26532, 14046, 2308, 4.0037e+06, nan
67474, 6428, 2298, 26515, 14090, 2298, 4.0037e+06, nan
67510, 6457, 2309, 26524, 14197, 2309, 4.0037e+06, nan
67548, 6490, 2324, 26549, 14109, 2324, 4.00363e+06, nan
67584, 6449, 2333, 26551, 14028, 2333, 4.00363e+06, nan
67620, 6440, 2336, 26575, 14222, 2336, 4.00363e+06, nan
67656, 6480, 2326, 26623, 14218, 2326, 4.00363e+06, nan
67693, 6499, 2323, 26668, 14111, 2323, 4.00363e+06, nan
67730, 6495, 2336, 26622, 14448, 2336, 4.00363e+06, nan
67766, 6446, 2339, 26618, 14560, 2339, 4.00363e+06, nan
67802, 6430, 2337, 26632, 14473, 2337, 4.00353e+06, nan
67838, 6390, 2327, 26602, 14516, 2327, 4.00353e+06, nan
67875, 6412, 2337, 26764, 14073, 2337, 4.00353e+06, nan
67911, 6431, 2355, 26872, 14163, 2355, 4.00353e+06, nan
67947, 6452, 2343, 26874, 14104, 2343, 4.00353e+06, nan
67985, 6408, 2315, 26790, 14445, 2315, 4.00353e+06, nan
68001, 6443, 2333, 26873, 14212, 2333, 4.00353e+06, nan
68021, 6422, 2310, 26722, 14538, 2310, 4.00353e+06, nan
68058, 6473, 2305, 26835, 13910, 2305, 4.00353e+06, nan
68095, 6460, 2276, 26763, 13852, 2276, 4.00353e+06, nan
68132, 6441, 2295, 26716, 14265, 2295, 4.00353e+06, nan
68168, 6479, 2297, 26699, 14286, 2297, 4.00353e+06, nan
68204, 6423, 2290, 26668, 14248, 2290, 4.00353e+06, nan
68241, 6496, 2320, 26714, 13862, 2320, 4.00353e+06, nan
68278, 6553, 2330, 26771, 13930, 2330, 4.00353e+06, nan
68313, 6546, 2333, 26741, 13730, 2333, 4.00353e+06, nan
68349, 6514, 2331, 26716, 13772, 2331, 4.00348e+06, nan
68386, 6473, 2325, 26760, 14123, 2325, 4.00348e+06, nan
68424, 6423, 2334, 26791, 13949, 2334, 4.00348e+06, nan
68459, 6432, 2316, 26672, 14359, 2316, 4.00348e+06, nan
68497, 6488, 2306, 26689, 14090, 2306, 4.00345e+06, nan
68534, 6427, 2301, 26545, 14275, 2301, 4.00345e+06, nan
68570, 6391, 2309, 26469, 14144, 2309, 4.00345e+06, nan
68607, 6407, 2320, 26553, 13735, 2320, 4.00345e+06, nan
68645, 6374, 2314, 26536, 14292, 2314, 4.00345e+06, nan
68681, 6358, 2327, 26531, 14349, 2327, 4.00345e+06, nan
68717, 6342, 2333, 26527, 14430, 2333, 4.00345e+06, nan
68754, 6400, 2323, 26707, 13989, 2323, 4.00345e+06, nan
68791, 6428, 2329, 26767, 13899, 2329, 4.00345e+06, nan
68827, 6481, 2310, 26796, 13802, 2310, 4.00345e+06, nan
68863, 6501, 2308, 26763, 13899, 2308, 4.00345e+06, nan
68900, 6500, 2304, 26693, 14216, 2304, 4.00345e+06, nan
68936, 6500, 2312, 26680, 14254, 2312, 4.00345e+06, nan
68972, 6463, 2307, 26563, 14269, 2307, 4.00345e+06, nan
69001, 6489, 2321, 26641, 13818, 2321, 4.00345e+06, nan
69009, 6459, 2327, 26634, 13739, 2327, 4.0034e+06, nan
69046, 6484, 2313, 26704, 13888, 2313, 4.00336e+06, nan
69082, 6480, 2315, 26687, 13859, 2316, 4.00331e+06, nan
69118, 6444, 2305, 26637, 13907, 2305, 4.00331e+06, nan
69154, 6427, 2302, 26600, 13997, 2302, 4.00331e+06, nan
69191, 6402, 2299, 26555, 14245, 2299, 4.00322e+06, nan
69228, 6459, 2311, 26656, 13717, 2311, 4.00322e+06, nan
69264, 6456, 2331, 26653, 13780, 2331, 4.00322e+06, nan
69300, 6435, 2314, 26644, 13867, 2314, 4.00322e+06, nan
69338, 6386, 2299, 26487, 14372, 2299, 4.00322e+06, nan
69374, 6367, 2295, 26479, 14323, 2295, 4.00322e+06, nan
69411, 6319, 2302, 26525, 13818, 2302, 4.00322e+06, nan
69449, 6292, 2299, 26446, 14240, 2299, 4.00322e+06, nan
69485, 6319, 2302, 26529, 14198, 2302, 4.00322e+06, nan
69522, 6371, 2312, 26642, 13812, 2312, 4.00322e+06, nan
69559, 6347, 2324, 26628, 13950, 2324, 4.00322e+06, nan
69596, 6332, 2315, 26586, 14167, 2315, 4.00322e+06, nan
69634, 6368, 2314, 26691, 13931, 2314, 4.00322e+06, nan
69670, 6416, 2305, 26630, 13999, 2305, 4.00322e+06, nan
69701, 6405, 2292, 26479, 14175, 2292, 4.00322e+06, nan
69733, 6454, 2300, 26547, 13722, 2300, 4.00322e+06, nan
69770, 6429, 2299, 26387, 14082, 2299, 4.00317e+06, nan
69806, 6409, 2302, 26373, 14181, 2302, 4.00317e+06, nan
69843, 6418, 2324, 26464, 13855, 2324, 4.00317e+06, nan
69880, 6409, 2321, 26536, 14018, 2321, 4.00315e+06, nan
69917, 6393, 2315, 26409, 14285, 2315, 4.00315e+06, nan
69954, 6447, 2317, 26457, 13930, 2317, 4.00315e+06, nan
69990, 6431, 2310, 26489, 13948, 2310, 4.00315e+06, nan
70002, 6466, 2313, 26534, 13832, 2313, 4.00315e+06, nan
70028, 6423, 2302, 26422, 14330, 2302, 4.00315e+06, nan
70064, 6386, 2286, 26319, 14197, 2286, 4.00315e+06, nan
70101, 6417, 2296, 26331, 13840, 2296, 4.00315e+06, nan
70103, 6404, 2287, 26261, 14207, 2287, 4.00315e+06, nan
0, 37, 37, 309, 0, 37, 47957.4, 0.349092
