1, 222, 21, 56478, 0, 21, 5.9838e+06, 0
13, 237, 18, 55259, 1864, 18, 5.9838e+06, 0
60, 239, 18, 55255, 5591, 18, 5.9838e+06, 0.116833
65, 238, 18, 55254, 5872, 18, 5.9838e+06, 0.136998
109, 241, 18, 55233, 7773, 18, 5.9838e+06, 0.471245
156, 242, 18, 55198, 9155, 18, 5.9838e+06, 0.838697
203, 243, 16, 55184, 9766, 16, 5.9838e+06, 1.04462
251, 251, 13, 55231, 10382, 13, 5.9838e+06, 1.22122
294, 252, 13, 55244, 10724, 13, 5.9838e+06, 1.21277
334, 255, 13, 55259, 10892, 13, 5.9838e+06, 1.21675
376, 271, 25, 55284, 10964, 25, 5.9838e+06, 1.29256
421, 274, 25, 55256, 11178, 25, 5.9838e+06, 1.27684
467, 283, 25, 55204, 11243, 25, 5.9838e+06, 1.37389
510, 289, 25, 55165, 11449, 25, 5.9838e+06, 1.54503
552, 295, 25, 55115, 11529, 25, 5.9838e+06, 1.59799
593, 296, 25, 55117, 11605, 37, 5.9838e+06, 1.74317
635, 299, 25, 55116, 11674, 25, 5.9838e+06, 1.79083
676, 300, 25, 55138, 11575, 36, 5.9838e+06, 1.79584
718, 305, 25, 55153, 11755, 27, 5.9838e+06, 1.72575
758, 323, 36, 55186, 11794, 36, 5.9838e+06, 1.77633
799, 332, 36, 55182, 11784, 36, 5.9838e+06, 1.85439
840, 343, 36, 55172, 11787, 36, 5.9838e+06, 2.12829
881, 347, 36, 55160, 11787, 36, 5.9838e+06, 2.50858
924, 362, 36, 55154, 11848, 36, 5.9838e+06, 2.66115
967, 375, 36, 55172, 11914, 46, 5.9838e+06, 2.86958
1005, 384, 36, 55183, 11969, 46, 5.9838e+06, 2.84696
1044, 389, 36, 55199, 11919, 38, 5.9838e+06, 2.81328
1064, 398, 36, 55230, 12043, 36, 5.9838e+06, 2.84881
1086, 409, 36, 55247, 12039, 38, 5.9838e+06, 2.95744
1124, 427, 36, 55284, 12014, 36, 5.9838e+06, 3.04229
1162, 460, 47, 55295, 11944, 48, 5.9838e+06, 3.04518
1199, 474, 47, 55262, 12052, 48, 5.9838e+06, 3.09213
1235, 508, 47, 55249, 12150, 47, 5.9838e+06, 3.28852
1274, 524, 47, 55231, 12036, 47, 5.9838e+06, 3.52163
1315, 555, 48, 55224, 12025, 48, 5.9838e+06, 3.63175
1353, 583, 48, 55232, 12288, 59, 5.9838e+06, 3.76816
1388, 591, 48, 55253, 12290, 48, 5.9838e+06, 3.81999
1425, 607, 48, 55252, 12302, 49, 5.9838e+06, 3.86071
1460, 635, 48, 55273, 12319, 49, 5.9838e+06, 3.81363
1497, 657, 47, 55293, 12307, 49, 5.9838e+06, 3.86252
1535, 692, 57, 55329, 12426, 57, 5.9838e+06, 3.85448
1571, 707, 57, 55311, 12295, 58, 5.9838e+06, 3.97355
1606, 727, 58, 55302, 12311, 59, 5.9838e+06, 4.12166
1643, 746, 57, 55286, 12481, 58, 5.9838e+06, 4.35224
1681, 769, 57, 55278, 12442, 58, 5.9838e+06, 4.56163
1720, 792, 58, 55256, 12470, 58, 5.9838e+06, 4.60741
1754, 806, 58, 55280, 12430, 67, 5.9838e+06, 4.71556
1790, 828, 58, 55308, 12525, 60, 5.9838e+06, 4.74907
1824, 851, 58, 55322, 12597, 58, 5.9838e+06, 4.74817
1861, 880, 58, 55354, 12577, 59, 5.9838e+06, 4.80064
1895, 911, 58, 55354, 12553, 58, 5.9838e+06, 4.81474
1934, 942, 60, 55369, 12604, 61, 5.98379e+06, 4.97694
1968, 950, 60, 55348, 12628, 61, 5.98379e+06, 5.00201
2005, 964, 60, 55326, 12574, 61, 5.98379e+06, 5.05717
2044, 990, 60, 55326, 12488, 61, 5.9838e+06, 5.08295
2066, 1008, 60, 55327, 12568, 60, 5.9838e+06, 5.13181
2081, 1027, 60, 55340, 12500, 60, 5.98379e+06, 5.19486
2116, 1052, 60, 55337, 12472, 60, 5.98379e+06, 5.3982
2150, 1075, 60, 55334, 12490, 60, 5.98379e+06, 5.45211
2183, 1099, 60, 55327, 12600, 63, 5.98379e+06, 5.57741
2218, 1117, 60, 55299, 12782, 61, 5.98379e+06, 5.59725
2256, 1144, 60, 55271, 12827, 60, 5.98379e+06, 5.69349
2288, 1159, 60, 55232, 12657, 62, 5.98379e+06, 5.65015
2326, 1187, 60, 55198, 12698, 60, 5.98379e+06, 5.61057
2362, 1217, 60, 55200, 12629, 61, 5.98379e+06, 5.68355
2396, 1256, 60, 55192, 12608, 60, 5.98379e+06, 5.7816
2432, 1279, 60, 55172, 12532, 60, 5.98379e+06, 5.73812
2469, 1293, 60, 55148, 12685, 60, 5.98379e+06, 5.76825
2506, 1328, 60, 55155, 12690, 60, 5.98379e+06, 5.8414
2540, 1342, 60, 55114, 12690, 60, 5.98379e+06, 5.86492
2575, 1372, 61, 55102, 12731, 61, 5.98379e+06, 5.89793
2608, 1391, 61, 55081, 12775, 61, 5.98379e+06, 5.7898
2646, 1408, 61, 55061, 12779, 62, 5.98379e+06, 5.73237
2680, 1423, 61, 55040, 12724, 61, 5.98379e+06, 5.76964
2714, 1444, 61, 55035, 12735, 61, 5.98379e+06, 5.90454
2747, 1454, 61, 55008, 12861, 61, 5.98379e+06, 5.92076
2782, 1484, 60, 54996, 12844, 60, 5.98379e+06, 5.93582
2816, 1503, 60, 54982, 12828, 60, 5.98379e+06, 5.94695
2853, 1508, 60, 54946, 12824, 60, 5.98379e+06, 5.91017
2889, 1531, 60, 54936, 12897, 60, 5.98379e+06, 5.93552
2922, 1553, 60, 54917, 12929, 60, 5.98379e+06, 5.9848
2957, 1570, 60, 54898, 12904, 61, 5.98379e+06, 6.08732
2992, 1586, 60, 54865, 12802, 60, 5.98379e+06, 6.16701
3029, 1606, 60, 54844, 12856, 60, 5.98379e+06, 6.22128
3065, 1633, 60, 54830, 12790, 60, 5.98379e+06, 6.32508
3098, 1651, 60, 54811, 13046, 60, 5.98379e+06, 6.2883
3134, 1669, 60, 54770, 13005, 60, 5.98379e+06, 6.35939
3169, 1681, 60, 54742, 13019, 60, 5.98379e+06, 6.42297
3204, 1700, 60, 54720, 12854, 60, 5.98379e+06, 6.44732
3241, 1718, 60, 54708, 12950, 60, 5.98379e+06, 6.45754
3278, 1751, 60, 54706, 12901, 61, 5.98379e+06, 6.44311
3313, 1767, 60, 54695, 12786, 60, 5.98379e+06, 6.46442
3350, 1786, 60, 54676, 12795, 60, 5.98379e+06, 6.45141
3387, 1800, 62, 54645, 12810, 62, 5.98379e+06, 6.47483
3424, 1823, 62, 54617, 12802, 63, 5.98379e+06, 6.49602
3457, 1827, 62, 54580, 12841, 62, 5.98379e+06, 6.57187
3492, 1843, 62, 54551, 12810, 62, 5.98379e+06, 6.65043
3526, 1866, 62, 54536, 12985, 64, 5.98379e+06, 6.62109
3561, 1883, 62, 54511, 12867, 62, 5.98379e+06, 6.61314
3598, 1902, 62, 54495, 12710, 62, 5.98379e+06, 6.70508
3636, 1918, 63, 54479, 12817, 64, 5.98379e+06, 6.65565
3669, 1938, 63, 54469, 12859, 64, 5.98379e+06, 6.69843
3704, 1943, 63, 54448, 12837, 63, 5.98379e+06, 6.76799
3740, 1967, 63, 54451, 12784, 63, 5.98379e+06, 6.85774
3776, 1979, 63, 54430, 12804, 63, 5.98379e+06, 6.89905
3812, 1995, 63, 54419, 12852, 63, 5.98379e+06, 6.99192
3850, 1999, 63, 54402, 12928, 63, 5.98379e+06, 7.02068
3885, 2010, 63, 54382, 12996, 65, 5.98379e+06, 7.01645
3922, 2031, 63, 54379, 12894, 65, 5.98379e+06, 7.02005
3958, 2042, 63, 54366, 12843, 63, 5.98379e+06, 7.03243
3997, 2050, 63, 54349, 12818, 64, 5.98379e+06, 7.06135
4031, 2054, 64, 54335, 12801, 64, 5.98379e+06, 7.12537
4064, 2072, 64, 54334, 12729, 64, 5.98379e+06, 7.19166
4068, 2071, 64, 54333, 12762, 64, 5.98379e+06, 7.20047
4105, 2074, 64, 54317, 12738, 65, 5.98379e+06, 7.28598
4140, 2082, 64, 54300, 12729, 64, 5.98379e+06, 7.32345
4179, 2102, 63, 54300, 12786, 63, 5.98379e+06, 7.31056
4215, 2119, 63, 54292, 12865, 64, 5.98379e+06, 7.33403
4250, 2141, 63, 54287, 12784, 63, 5.98379e+06, 7.38062
4287, 2151, 63, 54280, 12853, 64, 5.98379e+06, 7.52672
4323, 2159, 62, 54268, 12916, 63, 5.98379e+06, 7.51889
4361, 2163, 62, 54247, 12913, 63, 5.98379e+06, 7.58786
4401, 2172, 62, 54246, 12774, 62, 5.98379e+06, 7.57828
4438, 2180, 62, 54247, 12885, 62, 5.98379e+06, 7.60086
4476, 2196, 62, 54250, 12889, 62, 5.98379e+06, 7.68148
4513, 2204, 62, 54254, 12756, 62, 5.98379e+06, 7.72854
4550, 2221, 62, 54262, 12834, 62, 5.98379e+06, 7.79114
4592, 2239, 62, 54269, 12865, 62, 5.98379e+06, 7.86479
4628, 2245, 62, 54265, 12828, 62, 5.98379e+06, 7.80147
4664, 2247, 62, 54261, 12809, 62, 5.98379e+06, 7.84824
4702, 2264, 63, 54274, 12834, 64, 5.98379e+06, 7.91056
4740, 2267, 63, 54270, 12928, 63, 5.98379e+06, 7.94033
4781, 2285, 63, 54269, 12865, 63, 5.98379e+06, 8.06339
4817, 2290, 63, 54269, 12921, 63, 5.98379e+06, 8.0963
4855, 2291, 63, 54269, 12991, 63, 5.98379e+06, 8.10094
4891, 2308, 63, 54274, 13032, 63, 5.98379e+06, 8.18896
4930, 2324, 62, 54280, 13081, 63, 5.98379e+06, 8.28241
4966, 2343, 62, 54287, 12984, 62, 5.98379e+06, 8.39023
5006, 2329, 62, 54269, 13113, 62, 5.98379e+06, 8.37276
5044, 2326, 62, 54256, 12868, 62, 5.98379e+06, 8.38384
5068, 2340, 63, 54265, 12865, 63, 5.98379e+06, 8.43365
5081, 2337, 63, 54258, 12864, 63, 5.98379e+06, 8.44467
5117, 2345, 64, 54258, 12777, 65, 5.98379e+06, 8.45088
5154, 2352, 64, 54260, 12837, 64, 5.98379e+06, 8.47346
5195, 2358, 64, 54256, 12862, 64, 5.98379e+06, 8.59417
5231, 2365, 64, 54261, 12973, 66, 5.98379e+06, 8.58055
5269, 2373, 63, 54268, 12971, 65, 5.98379e+06, 8.60789
5307, 2386, 62, 54272, 13061, 62, 5.98379e+06, 8.67133
5344, 2391, 62, 54271, 13038, 63, 5.98379e+06, 8.75292
5380, 2405, 62, 54280, 12929, 63, 5.98379e+06, 8.75602
5420, 2417, 62, 54286, 13111, 62, 5.98379e+06, 8.75794
5457, 2424, 62, 54286, 12969, 63, 5.98379e+06, 8.7679
5494, 2433, 62, 54288, 12965, 62, 5.98379e+06, 8.7775
5531, 2449, 62, 54303, 13053, 62, 5.98379e+06, 8.76707
5568, 2467, 62, 54319, 13156, 62, 5.98379e+06, 8.84611
5608, 2474, 62, 54325, 13019, 62, 5.98379e+06, 8.83781
5646, 2478, 62, 54323, 12970, 62, 5.98379e+06, 8.79036
5683, 2480, 62, 54324, 13071, 63, 5.98379e+06, 8.7276
5721, 2482, 62, 54327, 13047, 62, 5.98379e+06, 8.75918
5758, 2486, 62, 54329, 13073, 62, 5.98379e+06, 8.72174
5800, 2499, 62, 54333, 12978, 62, 5.98379e+06, 8.76942
5837, 2506, 62, 54338, 13007, 62, 5.98379e+06, 8.768
5875, 2517, 62, 54346, 12896, 63, 5.98379e+06, 8.75729
5914, 2528, 62, 54357, 13056, 62, 5.98379e+06, 8.80902
5951, 2535, 61, 54364, 13056, 62, 5.98379e+06, 8.84076
5989, 2540, 61, 54357, 13047, 61, 5.98379e+06, 8.86346
6030, 2559, 60, 54376, 13149, 60, 5.98379e+06, 8.87617
6066, 2561, 60, 54376, 13063, 60, 5.98379e+06, 8.91432
6068, 2563, 60, 54378, 13095, 60, 5.98379e+06, 8.92456
6107, 2565, 60, 54381, 12982, 60, 5.98379e+06, 9.04613
6145, 2577, 60, 54391, 13029, 60, 5.98379e+06, 9.09256
6187, 2582, 60, 54394, 12960, 60, 5.98379e+06, 9.19566
6224, 2593, 60, 54406, 12813, 61, 5.98379e+06, 9.24555
6264, 2595, 61, 54411, 13006, 61, 5.98379e+06, 9.2592
6302, 2611, 61, 54422, 13052, 61, 5.98379e+06, 9.25976
6341, 2619, 62, 54426, 13161, 62, 5.98379e+06, 9.22612
6379, 2625, 62, 54434, 13063, 62, 5.98379e+06, 9.27945
6422, 2626, 62, 54435, 12945, 63, 5.98379e+06, 9.35868
6460, 2627, 62, 54434, 12890, 62, 5.98379e+06, 9.38051
6499, 2641, 63, 54443, 12965, 63, 5.98379e+06, 9.39121
6536, 2646, 63, 54449, 12844, 63, 5.98379e+06, 9.49284
6575, 2644, 63, 54445, 12918, 63, 5.98379e+06, 9.53216
6614, 2660, 63, 54457, 12959, 64, 5.98379e+06, 9.63485
6657, 2671, 63, 54464, 12900, 63, 5.98379e+06, 9.69044
6694, 2668, 63, 54463, 13045, 64, 5.98379e+06, 9.73192
6732, 2665, 63, 54462, 12803, 64, 5.98379e+06, 9.65007
6769, 2673, 62, 54469, 12842, 62, 5.98379e+06, 9.65495
6807, 2680, 63, 54473, 13059, 63, 5.98379e+06, 9.67819
6848, 2685, 63, 54469, 13070, 64, 5.98379e+06, 9.73364
6886, 2694, 62, 54483, 13066, 62, 5.98379e+06, 9.77112
6922, 2698, 62, 54489, 12980, 62, 5.98379e+06, 9.76857
6958, 2706, 62, 54494, 12914, 63, 5.98379e+06, 9.78933
6996, 2712, 62, 54493, 12802, 62, 5.98379e+06, 9.83374
7036, 2727, 62, 54500, 12795, 63, 5.98379e+06, 9.91866
7068, 2727, 62, 54499, 13074, 62, 5.98379e+06, 9.93706
7071, 2732, 62, 54504, 13032, 62, 5.98379e+06, 9.95093
7108, 2741, 62, 54513, 13107, 62, 5.98379e+06, 10.0221
7145, 2747, 62, 54520, 12952, 62, 5.98379e+06, 10.0149
7182, 2760, 62, 54535, 12993, 62, 5.98379e+06, 10.1119
7219, 2751, 62, 54526, 13160, 62, 5.98379e+06, 10.1087
7259, 2754, 62, 54530, 13199, 62, 5.98379e+06, 10.1259
7294, 2766, 62, 54544, 12887, 62, 5.98379e+06, 10.128
7330, 2761, 62, 54538, 13110, 63, 5.98379e+06, 10.1821
7366, 2760, 63, 54541, 13147, 64, 5.98379e+06, 10.1407
7403, 2771, 63, 54548, 13094, 64, 5.98379e+06, 10.0268
7442, 2769, 63, 54541, 13077, 63, 5.98379e+06, 10.0445
7480, 2779, 63, 54555, 12986, 63, 5.98379e+06, 10.0603
7516, 2774, 63, 54552, 12943, 63, 5.98379e+06, 10.0782
7551, 2787, 63, 54562, 12885, 63, 5.98379e+06, 10.1622
7590, 2786, 62, 54563, 13031, 63, 5.98379e+06, 10.1674
7627, 2796, 62, 54573, 13010, 63, 5.98379e+06, 10.1301
7662, 2802, 62, 54575, 12997, 63, 5.98379e+06, 10.1574
7699, 2814, 62, 54583, 13023, 62, 5.98379e+06, 10.2377
7735, 2815, 62, 54586, 13157, 63, 5.98379e+06, 10.2874
7770, 2816, 62, 54589, 13117, 62, 5.98379e+06, 10.2808
7807, 2825, 62, 54598, 13056, 62, 5.98379e+06, 10.3317
7845, 2827, 62, 54592, 12948, 62, 5.98379e+06, 10.3229
7880, 2832, 62, 54602, 12934, 62, 5.98379e+06, 10.2982
7916, 2843, 62, 54616, 13055, 62, 5.98379e+06, 10.3015
7951, 2852, 62, 54626, 13051, 62, 5.98379e+06, 10.3561
7992, 2857, 62, 54630, 12904, 62, 5.98379e+06, 10.3768
8029, 2861, 62, 54636, 12948, 62, 5.98379e+06, 10.4083
8066, 2871, 62, 54636, 12913, 62, 5.98379e+06, 10.4266
8102, 2876, 62, 54637, 13156, 63, 5.98379e+06, 10.4367
8138, 2884, 62, 54647, 13150, 62, 5.98379e+06, 10.4788
8176, 2887, 61, 54651, 13087, 62, 5.98379e+06, 10.5335
8216, 2893, 61, 54658, 13052, 62, 5.98379e+06, 10.5641
8252, 2895, 61, 54656, 13048, 62, 5.98379e+06, 10.5965
8288, 2895, 61, 54656, 13013, 61, 5.98379e+06, 10.5947
8325, 2902, 61, 54664, 13046, 62, 5.98379e+06, 10.6551
8364, 2909, 61, 54677, 13048, 63, 5.98379e+06, 10.7131
8402, 2916, 61, 54683, 12889, 61, 5.98379e+06, 10.7176
8438, 2923, 61, 54686, 13057, 61, 5.98379e+06, 10.6454
8474, 2924, 61, 54687, 13006, 61, 5.98379e+06, 10.6575
8510, 2931, 61, 54696, 13086, 61, 5.98379e+06, 10.6852
8547, 2940, 61, 54710, 13136, 63, 5.98379e+06, 10.6793
8588, 2939, 61, 54711, 12975, 62, 5.98379e+06, 10.7066
8623, 2937, 61, 54709, 12982, 61, 5.98379e+06, 10.7418
8660, 2940, 61, 54712, 12928, 61, 5.98379e+06, 10.7375
8696, 2946, 61, 54713, 13052, 61, 5.98379e+06, 10.7483
8732, 2954, 62, 54723, 13050, 63, 5.98379e+06, 10.7943
8769, 2947, 62, 54716, 13075, 62, 5.98379e+06, 10.8052
8808, 2955, 62, 54724, 13202, 62, 5.98379e+06, 10.8829
8844, 2967, 62, 54737, 13044, 62, 5.98379e+06, 10.9742
8881, 2970, 62, 54740, 13068, 62, 5.98379e+06, 10.9994
8917, 2969, 63, 54737, 13155, 63, 5.98379e+06, 11.0275
8951, 2972, 63, 54739, 13100, 64, 5.98379e+06, 11.0135
8990, 2979, 63, 54746, 12991, 64, 5.98379e+06, 11.0401
9027, 2983, 63, 54750, 13076, 63, 5.98379e+06, 11.1133
9062, 2983, 63, 54747, 13182, 65, 5.98379e+06, 11.1232
9065, 2983, 63, 54748, 13158, 63, 5.98379e+06, 11.1312
9097, 2986, 62, 54748, 13104, 62, 5.98379e+06, 11.2068
9134, 2984, 62, 54749, 13066, 62, 5.98379e+06, 11.2836
9173, 2995, 62, 54762, 13041, 62, 5.98379e+06, 11.2634
9208, 3001, 62, 54764, 13134, 62, 5.98379e+06, 11.2367
9246, 3006, 63, 54768, 13216, 63, 5.98379e+06, 11.2475
9279, 3004, 62, 54766, 13253, 62, 5.98379e+06, 11.2722
9314, 3005, 62, 54766, 13165, 62, 5.98379e+06, 11.2903
9350, 3013, 61, 54777, 13229, 61, 5.98379e+06, 11.344
9390, 3018, 61, 54783, 13232, 61, 5.98379e+06, 11.3534
9425, 3019, 61, 54786, 13075, 61, 5.98379e+06, 11.3715
9461, 3024, 61, 54791, 13170, 62, 5.98379e+06, 11.4419
9496, 3024, 61, 54788, 13050, 61, 5.98379e+06, 11.4769
9532, 3022, 61, 54781, 13068, 61, 5.98379e+06, 11.4716
9567, 3032, 61, 54791, 13153, 61, 5.98379e+06, 11.5295
9609, 3032, 61, 54788, 13238, 62, 5.98379e+06, 11.5737
9645, 3043, 61, 54796, 13055, 61, 5.98379e+06, 11.6094
9682, 3046, 61, 54798, 12987, 61, 5.98379e+06, 11.65
9717, 3042, 61, 54801, 13168, 61, 5.98379e+06, 11.6161
9755, 3044, 62, 54805, 13060, 62, 5.98379e+06, 11.5961
9796, 3041, 62, 54798, 13052, 62, 5.98379e+06, 11.5868
9833, 3056, 62, 54814, 12942, 62, 5.98379e+06, 11.6142
9869, 3058, 62, 54817, 13027, 63, 5.98379e+06, 11.6267
9905, 3059, 63, 54817, 13117, 63, 5.98379e+06, 11.6443
9941, 3064, 64, 54821, 13131, 65, 5.98379e+06, 11.6577
9980, 3065, 63, 54823, 13096, 63, 5.98379e+06, 11.6572
10014, 3074, 62, 54833, 13275, 62, 5.98379e+06, 11.7209
10048, 3074, 62, 54831, 13247, 62, 5.98379e+06, 11.748
10065, 3075, 62, 54830, 13228, 62, 5.98379e+06, 11.7651
10082, 3080, 62, 54835, 13130, 62, 5.98379e+06, 11.8171
10119, 3082, 61, 54835, 13071, 62, 5.98379e+06, 11.8175
10155, 3090, 62, 54843, 13021, 63, 5.98379e+06, 11.8259
10194, 3100, 62, 54847, 13082, 62, 5.98379e+06, 11.8317
10228, 3098, 62, 54844, 13091, 63, 5.98379e+06, 11.8671
10262, 3105, 62, 54846, 13073, 62, 5.98379e+06, 11.9527
10297, 3110, 62, 54850, 13138, 62, 5.98379e+06, 11.9444
10333, 3114, 61, 54853, 13151, 62, 5.98379e+06, 12.0205
10369, 3115, 61, 54853, 13119, 61, 5.98379e+06, 12.0021
10407, 3105, 61, 54839, 13114, 61, 5.98379e+06, 11.9024
10443, 3107, 61, 54843, 13164, 62, 5.98379e+06, 11.9117
10480, 3115, 62, 54850, 13032, 63, 5.98379e+06, 11.9553
10528, 3113, 62, 54847, 12916, 62, 5.98379e+06, 11.9363
10559, 3122, 62, 54852, 13045, 62, 5.98379e+06, 11.9728
10594, 3126, 61, 54855, 13011, 61, 5.98379e+06, 11.991
10622, 3130, 61, 54860, 13157, 61, 5.98379e+06, 11.9922
10648, 3134, 61, 54865, 13175, 61, 5.98379e+06, 11.9936
10671, 3138, 62, 54866, 13174, 63, 5.98379e+06, 11.9973
10696, 3143, 64, 54865, 13058, 64, 5.98379e+06, 12.0242
10725, 3141, 65, 54864, 13018, 67, 5.98379e+06, 11.9401
10758, 3145, 66, 54867, 13037, 67, 5.98379e+06, 11.9083
10794, 3148, 66, 54870, 13174, 66, 5.98379e+06, 11.9812
10832, 3155, 67, 54873, 12988, 67, 5.98379e+06, 12.0885
10869, 3160, 67, 54876, 13031, 67, 5.98379e+06, 12.1887
10909, 3168, 68, 54875, 13112, 68, 5.98379e+06, 12.2834
10946, 3169, 67, 54877, 13124, 69, 5.98379e+06, 12.3369
10983, 3172, 67, 54882, 13120, 67, 5.98379e+06, 12.3504
11015, 3179, 68, 54888, 13254, 70, 5.98379e+06, 12.3639
11042, 3182, 68, 54891, 13123, 68, 5.98379e+06, 12.3724
11067, 3185, 68, 54894, 13162, 68, 5.98379e+06, 12.3912
11070, 3187, 68, 54894, 13073, 69, 5.98379e+06, 12.3965
11110, 3190, 68, 54898, 13111, 68, 5.98379e+06, 12.3905
11145, 3195, 68, 54898, 13048, 68, 5.98379e+06, 12.3919
11182, 3196, 68, 54894, 13106, 68, 5.98379e+06, 12.2876
11217, 3197, 68, 54891, 13123, 68, 5.98379e+06, 12.2486
11243, 3193, 70, 54886, 13118, 72, 5.98379e+06, 12.2282
11271, 3198, 70, 54889, 13086, 71, 5.98379e+06, 12.2687
11298, 3199, 69, 54887, 13062, 70, 5.98379e+06, 12.2902
11324, 3204, 69, 54886, 13113, 69, 5.98379e+06, 12.3199
11353, 3203, 67, 54884, 13047, 67, 5.98379e+06, 12.326
11395, 3208, 67, 54880, 13132, 68, 5.98379e+06, 12.3016
11430, 3211, 67, 54873, 13114, 67, 5.98379e+06, 12.3311
11459, 3216, 66, 54874, 13180, 67, 5.98379e+06, 12.3532
11485, 3218, 66, 54875, 13161, 67, 5.98379e+06, 12.3585
11511, 3219, 66, 54878, 13125, 66, 5.98379e+06, 12.3607
11536, 3219, 66, 54875, 13090, 66, 5.98379e+06, 12.3848
11564, 3212, 66, 54870, 13134, 67, 5.98379e+06, 12.2684
11602, 3214, 67, 54862, 13189, 67, 5.98379e+06, 12.2675
11638, 3218, 67, 54868, 13355, 67, 5.98379e+06, 12.3054
11672, 3215, 67, 54865, 13311, 67, 5.98379e+06, 12.2325
11707, 3221, 67, 54870, 13349, 67, 5.98379e+06, 12.269
11742, 3229, 67, 54875, 13248, 67, 5.98379e+06, 12.2977
11782, 3229, 67, 54870, 12952, 68, 5.98379e+06, 12.2472
11817, 3227, 67, 54868, 13179, 68, 5.98379e+06, 12.2618
11853, 3238, 67, 54880, 13274, 68, 5.98379e+06, 12.2784
11890, 3246, 67, 54885, 12955, 68, 5.98379e+06, 12.2972
11927, 3249, 68, 54882, 13141, 68, 5.98379e+06, 12.2833
11965, 3251, 68, 54879, 13109, 68, 5.98379e+06, 12.2306
11997, 3254, 68, 54880, 13165, 68, 5.98379e+06, 12.2516
12032, 3259, 68, 54879, 13008, 69, 5.98379e+06, 12.2636
12059, 3267, 68, 54885, 13060, 68, 5.98379e+06, 12.302
12066, 3270, 68, 54887, 13069, 68, 5.98379e+06, 12.3017
12092, 3270, 68, 54888, 13111, 68, 5.98379e+06, 12.3458
12129, 3275, 68, 54891, 13127, 68, 5.98379e+06, 12.373
12160, 3276, 68, 54893, 13086, 68, 5.98379e+06, 12.4131
12195, 3276, 68, 54895, 13183, 69, 5.98379e+06, 12.3622
12232, 3277, 68, 54897, 13218, 68, 5.98379e+06, 12.4161
12271, 3284, 69, 54905, 13118, 69, 5.98379e+06, 12.463
12309, 3286, 69, 54901, 13141, 69, 5.98379e+06, 12.5074
12348, 3286, 69, 54903, 13069, 71, 5.98379e+06, 12.5673
12383, 3285, 69, 54903, 13271, 70, 5.98379e+06, 12.6106
12419, 3283, 69, 54900, 13228, 71, 5.98379e+06, 12.5547
12455, 3279, 70, 54898, 13284, 70, 5.98379e+06, 12.5346
12496, 3286, 69, 54903, 13202, 69, 5.98379e+06, 12.5523
12533, 3280, 69, 54898, 13187, 69, 5.98379e+06, 12.5507
12571, 3286, 69, 54907, 13178, 69, 5.98379e+06, 12.6075
12607, 3284, 69, 54901, 13181, 69, 5.98379e+06, 12.6124
12643, 3289, 70, 54905, 13203, 71, 5.98379e+06, 12.6559
12680, 3300, 70, 54918, 13134, 70, 5.98379e+06, 12.7102
12719, 3296, 70, 54912, 13330, 71, 5.98379e+06, 12.6957
12755, 3297, 71, 54910, 13115, 71, 5.98379e+06, 12.6731
12792, 3300, 71, 54916, 13184, 72, 5.98379e+06, 12.6188
12828, 3301, 71, 54913, 13376, 71, 5.98379e+06, 12.6562
12866, 3301, 71, 54908, 13114, 73, 5.98379e+06, 12.7179
12906, 3299, 72, 54907, 13116, 72, 5.98379e+06, 12.5984
12942, 3296, 71, 54903, 13114, 73, 5.98379e+06, 12.5386
12979, 3295, 71, 54896, 13093, 71, 5.98379e+06, 12.5911
13015, 3301, 72, 54899, 13183, 72, 5.98379e+06, 12.6318
13050, 3307, 72, 54904, 13212, 72, 5.98379e+06, 12.6722
13066, 3310, 72, 54909, 13158, 72, 5.98379e+06, 12.6677
13086, 3317, 72, 54918, 13127, 73, 5.98379e+06, 12.7326
13126, 3311, 72, 54914, 13218, 73, 5.98379e+06, 12.7668
13162, 3314, 72, 54915, 12990, 72, 5.98379e+06, 12.8245
13197, 3313, 72, 54915, 13034, 72, 5.98379e+06, 12.8963
13232, 3309, 72, 54909, 13314, 72, 5.98379e+06, 12.9441
13269, 3307, 72, 54908, 13200, 72, 5.98379e+06, 12.9863
13309, 3310, 72, 54915, 13194, 72, 5.98379e+06, 12.9943
13346, 3305, 72, 54912, 13193, 72, 5.98379e+06, 13.016
13380, 3310, 72, 54912, 13209, 72, 5.98379e+06, 13.0515
13417, 3313, 72, 54920, 13233, 72, 5.98379e+06, 13.09
13452, 3306, 71, 54915, 13106, 71, 5.98379e+06, 13.041
13491, 3306, 71, 54918, 13196, 72, 5.98379e+06, 13.1005
13532, 3306, 71, 54918, 13048, 71, 5.98379e+06, 13.0757
13568, 3304, 71, 54920, 13260, 72, 5.98379e+06, 13.1107
13605, 3302, 72, 54918, 13187, 73, 5.98379e+06, 13.0916
13642, 3302, 73, 54915, 13197, 73, 5.98379e+06, 13.1232
13681, 3320, 73, 54932, 13259, 73, 5.98379e+06, 13.226
13716, 3323, 73, 54929, 13141, 73, 5.98379e+06, 13.294
13752, 3328, 73, 54926, 13210, 73, 5.98379e+06, 13.3675
13788, 3329, 74, 54926, 13049, 74, 5.98379e+06, 13.4298
13825, 3332, 74, 54932, 13124, 76, 5.98379e+06, 13.4441
13864, 3335, 75, 54943, 13203, 76, 5.98379e+06, 13.4426
13902, 3327, 75, 54939, 13295, 75, 5.98379e+06, 13.464
13938, 3329, 75, 54942, 13251, 75, 5.98379e+06, 13.5016
13976, 3330, 75, 54944, 13247, 75, 5.98379e+06, 13.51
14012, 3330, 75, 54942, 13328, 75, 5.98379e+06, 13.5416
14049, 3336, 75, 54944, 13109, 76, 5.98379e+06, 13.6221
14064, 3338, 76, 54948, 13281, 77, 5.98379e+06, 13.6414
14089, 3333, 76, 54945, 13248, 76, 5.98379e+06, 13.6286
14126, 3342, 76, 54955, 13270, 77, 5.98379e+06, 13.6307
14162, 3339, 76, 54947, 13194, 76, 5.98379e+06, 13.705
14200, 3333, 76, 54947, 13286, 78, 5.98379e+06, 13.7067
14238, 3328, 76, 54946, 13108, 76, 5.98379e+06, 13.7104
14279, 3320, 76, 54941, 13108, 78, 5.98379e+06, 13.6376
14316, 3338, 76, 54956, 13218, 76, 5.98379e+06, 13.684
14352, 3341, 76, 54961, 13196, 76, 5.98379e+06, 13.636
14389, 3340, 76, 54965, 13206, 77, 5.98379e+06, 13.6025
14426, 3332, 76, 54957, 13207, 76, 5.98379e+06, 13.6137
14462, 3336, 77, 54954, 13386, 77, 5.98379e+06, 13.5483
14502, 3339, 78, 54950, 13239, 78, 5.98379e+06, 13.5966
14537, 3344, 78, 54945, 13237, 79, 5.98379e+06, 13.6215
14573, 3352, 79, 54945, 13182, 79, 5.98379e+06, 13.6673
14607, 3353, 79, 54945, 13159, 81, 5.98379e+06, 13.678
14642, 3367, 80, 54956, 13200, 80, 5.98379e+06, 13.7258
14678, 3375, 81, 54959, 13297, 82, 5.98379e+06, 13.7478
14716, 3379, 81, 54962, 13258, 82, 5.98379e+06, 13.7661
14753, 3387, 81, 54967, 13027, 82, 5.98379e+06, 13.8434
14789, 3382, 80, 54952, 13164, 82, 5.98379e+06, 13.8205
14826, 3382, 79, 54948, 13218, 79, 5.98379e+06, 13.8854
14865, 3382, 80, 54952, 13230, 81, 5.98379e+06, 13.892
14901, 3379, 80, 54952, 13208, 81, 5.98379e+06, 13.9105
14937, 3376, 80, 54950, 13164, 80, 5.98379e+06, 13.9523
14972, 3376, 80, 54950, 13131, 82, 5.98379e+06, 13.9633
15009, 3385, 80, 54949, 13396, 81, 5.98379e+06, 13.9736
15045, 3384, 80, 54940, 13415, 80, 5.98379e+06, 14.0036
15065, 3390, 80, 54942, 13329, 80, 5.98379e+06, 14.0341
15084, 3391, 81, 54943, 13416, 81, 5.98379e+06, 14.053
15119, 3387, 80, 54934, 13266, 80, 5.98379e+06, 14.022
15155, 3388, 81, 54934, 13397, 81, 5.98379e+06, 13.9969
15190, 3393, 81, 54936, 13303, 81, 5.98379e+06, 14.0588
15226, 3394, 81, 54937, 13343, 82, 5.98379e+06, 14.0753
15262, 3394, 81, 54941, 13112, 81, 5.98379e+06, 14.0816
15299, 3392, 81, 54941, 13350, 82, 5.98379e+06, 14.1344
15334, 3390, 81, 54945, 13360, 82, 5.98379e+06, 14.1768
15371, 3399, 81, 54951, 13244, 82, 5.98379e+06, 14.2169
15406, 3408, 81, 54953, 13418, 81, 5.98379e+06, 14.2628
15443, 3402, 81, 54942, 13290, 81, 5.98379e+06, 14.2701
15483, 3400, 80, 54946, 13299, 81, 5.98379e+06, 14.2582
15520, 3401, 80, 54940, 13320, 80, 5.98379e+06, 14.1932
15558, 3407, 82, 54946, 13469, 84, 5.98379e+06, 14.2165
15595, 3407, 81, 54946, 13466, 82, 5.98379e+06, 14.2458
15634, 3404, 81, 54943, 13280, 81, 5.98379e+06, 14.2591
15674, 3400, 82, 54945, 13411, 83, 5.98379e+06, 14.2837
15710, 3404, 82, 54953, 13215, 83, 5.98379e+06, 14.3247
15748, 3410, 82, 54964, 13097, 83, 5.98379e+06, 14.39
15782, 3408, 81, 54960, 13179, 81, 5.98379e+06, 14.4178
15819, 3394, 81, 54946, 13320, 81, 5.98379e+06, 14.3797
15858, 3403, 82, 54955, 13289, 83, 5.98379e+06, 14.4019
15895, 3401, 82, 54953, 13305, 82, 5.98379e+06, 14.431
15931, 3406, 82, 54964, 13345, 83, 5.98379e+06, 14.4075
15968, 3407, 82, 54969, 13329, 82, 5.98379e+06, 14.4343
16003, 3406, 82, 54961, 13297, 83, 5.98379e+06, 14.4406
16040, 3411, 82, 54974, 13491, 83, 5.98379e+06, 14.4851
16066, 3414, 82, 54969, 13271, 84, 5.98379e+06, 14.4634
16078, 3418, 82, 54971, 13262, 82, 5.98379e+06, 14.5102
16114, 3421, 82, 54975, 13509, 82, 5.98379e+06, 14.557
16148, 3422, 82, 54977, 13303, 82, 5.98379e+06, 14.4934
16184, 3424, 82, 54986, 13260, 83, 5.98379e+06, 14.5248
16223, 3433, 83, 54991, 13355, 83, 5.98379e+06, 14.5814
16259, 3436, 83, 54991, 13313, 83, 5.98379e+06, 14.651
16294, 3433, 84, 54990, 13229, 85, 5.98379e+06, 14.6848
16330, 3435, 84, 54993, 13269, 85, 5.98379e+06, 14.6765
16365, 3440, 85, 54997, 13102, 87, 5.98379e+06, 14.7239
16404, 3427, 86, 54986, 13304, 88, 5.98379e+06, 14.6528
16439, 3424, 86, 54985, 13300, 87, 5.98379e+06, 14.698
16474, 3424, 86, 54983, 13288, 86, 5.98379e+06, 14.7109
16508, 3427, 86, 54987, 13364, 86, 5.98379e+06, 14.7695
16543, 3426, 86, 54993, 13295, 87, 5.98379e+06, 14.7939
16579, 3425, 86, 54995, 13178, 86, 5.98379e+06, 14.7943
16617, 3415, 86, 54988, 13196, 86, 5.98379e+06, 14.6814
16651, 3418, 86, 54996, 13270, 88, 5.98379e+06, 14.6948
16686, 3419, 86, 54993, 13419, 88, 5.98379e+06, 14.7118
16721, 3426, 86, 54998, 13258, 87, 5.98379e+06, 14.7271
16757, 3423, 86, 54996, 13338, 86, 5.98379e+06, 14.7184
16792, 3422, 86, 54992, 13238, 88, 5.98379e+06, 14.7783
16832, 3426, 86, 54994, 13333, 86, 5.98379e+06, 14.798
16868, 3429, 87, 55001, 13349, 89, 5.98379e+06, 14.7753
16905, 3426, 87, 54996, 13163, 87, 5.98379e+06, 14.6974
16939, 3432, 87, 55003, 13297, 89, 5.98379e+06, 14.7156
16975, 3429, 87, 54999, 13243, 87, 5.98379e+06, 14.7329
17015, 3430, 87, 54995, 13239, 88, 5.98379e+06, 14.6839
17052, 3438, 87, 55006, 13314, 89, 5.98379e+06, 14.7711
17066, 3438, 87, 55008, 13323, 89, 5.98379e+06, 14.7771
17087, 3440, 87, 55010, 13361, 88, 5.98379e+06, 14.7733
17122, 3434, 88, 55003, 13374, 88, 5.98379e+06, 14.7759
17157, 3434, 89, 55001, 13354, 89, 5.98379e+06, 14.8587
17196, 3436, 89, 55002, 13222, 89, 5.98379e+06, 14.9138
17230, 3428, 89, 54998, 13269, 89, 5.98379e+06, 14.8876
17266, 3432, 89, 55004, 13276, 89, 5.98379e+06, 14.9896
17300, 3432, 89, 55007, 13347, 89, 5.98379e+06, 15.0187
17335, 3438, 89, 55012, 13219, 92, 5.98379e+06, 15.0031
17371, 3437, 89, 55008, 13327, 90, 5.98379e+06, 15.0011
17409, 3441, 90, 55014, 13218, 91, 5.98379e+06, 14.9526
17444, 3448, 90, 55013, 13166, 92, 5.98379e+06, 15.0031
17480, 3445, 90, 55011, 13245, 92, 5.98379e+06, 15.0387
17514, 3439, 90, 55009, 13317, 90, 5.98379e+06, 15.0137
17549, 3443, 91, 55011, 13262, 91, 5.98379e+06, 15.0507
17587, 3443, 90, 55009, 13398, 91, 5.98379e+06, 15.0616
17622, 3447, 90, 55008, 13282, 90, 5.98379e+06, 15.1221
17657, 3454, 90, 55011, 13306, 91, 5.98379e+06, 15.1989
17694, 3450, 91, 55007, 13276, 91, 5.98379e+06, 15.1669
17732, 3444, 91, 55000, 13233, 92, 5.98379e+06, 15.1466
17768, 3445, 90, 54995, 13312, 90, 5.98379e+06, 15.1757
17812, 3452, 89, 54996, 13455, 89, 5.98379e+06, 15.2405
17923, 3465, 90, 55007, 13279, 90, 5.98378e+06, 15.3848
17940, 3462, 90, 55003, 13309, 91, 5.98378e+06, 15.3616
17969, 3453, 90, 54986, 13284, 90, 5.98378e+06, 15.354
18011, 3453, 93, 54980, 13354, 94, 5.98378e+06, 15.3658
18048, 3457, 94, 54984, 13390, 96, 5.98378e+06, 15.3577
18066, 3456, 94, 54985, 13434, 97, 5.98379e+06, 15.3964
18081, 3455, 94, 54976, 13441, 96, 5.98378e+06, 15.4159
18117, 3459, 94, 54974, 13466, 94, 5.98378e+06, 15.5031
18151, 3459, 94, 54971, 13346, 95, 5.98378e+06, 15.5316
18185, 3456, 91, 54977, 13316, 92, 5.98378e+06, 15.4566
18222, 3451, 90, 54975, 13392, 90, 5.98378e+06, 15.4352
18255, 3457, 90, 54974, 13415, 91, 5.98378e+06, 15.4583
18289, 3455, 90, 54967, 13453, 92, 5.98378e+06, 15.4312
18324, 3459, 91, 54975, 13364, 91, 5.98378e+06, 15.4136
18363, 3454, 91, 54968, 13390, 92, 5.98378e+06, 15.487
18397, 3460, 92, 54978, 13359, 92, 5.98378e+06, 15.5503
18430, 3461, 92, 54979, 13352, 93, 5.98378e+06, 15.6069
18465, 3463, 91, 54981, 13281, 92, 5.98378e+06, 15.6256
18500, 3463, 91, 54977, 13358, 91, 5.98378e+06, 15.6316
18536, 3466, 90, 54981, 13285, 91, 5.98378e+06, 15.7147
18573, 3461, 90, 54971, 13388, 90, 5.98378e+06, 15.7955
18607, 3458, 90, 54976, 13330, 93, 5.98378e+06, 15.8311
18641, 3462, 90, 54983, 13352, 90, 5.98378e+06, 15.8964
18676, 3465, 90, 54992, 13261, 90, 5.98378e+06, 15.9378
18710, 3467, 90, 54990, 13239, 90, 5.98378e+06, 15.966
18746, 3466, 90, 54988, 13350, 90, 5.98378e+06, 15.874
18784, 3476, 90, 54982, 13265, 91, 5.98378e+06, 15.9017
18818, 3487, 91, 54989, 13278, 91, 5.98378e+06, 15.9551
18854, 3478, 91, 54980, 13438, 93, 5.98378e+06, 15.9224
18890, 3480, 91, 54983, 13332, 91, 5.98378e+06, 15.9423
18924, 3478, 90, 54978, 13331, 91, 5.98378e+06, 15.9141
18962, 3481, 90, 54986, 13251, 92, 5.98378e+06, 15.895
18996, 3485, 91, 54981, 13269, 91, 5.98378e+06, 15.8116
19030, 3484, 91, 54976, 13399, 92, 5.98378e+06, 15.7633
19064, 3483, 91, 54982, 13395, 92, 5.98378e+06, 15.6277
19099, 3488, 91, 54981, 13404, 91, 5.98378e+06, 15.5853
19135, 3493, 91, 54987, 13301, 91, 5.98378e+06, 15.5826
19169, 3490, 91, 54985, 13306, 91, 5.98378e+06, 15.5086
19204, 3480, 91, 54972, 13409, 91, 5.98378e+06, 15.3583
19238, 3488, 92, 54982, 13527, 94, 5.98378e+06, 15.4129
19274, 3488, 92, 54984, 13444, 93, 5.98378e+06, 15.4034
19308, 3485, 93, 54978, 13384, 93, 5.98378e+06, 15.3684
19347, 3486, 93, 54985, 13369, 94, 5.98378e+06, 15.4191
19381, 3485, 93, 54979, 13430, 94, 5.98378e+06, 15.4893
19416, 3484, 93, 54976, 13429, 95, 5.98378e+06, 15.4146
19451, 3479, 92, 54977, 13308, 94, 5.98379e+06, 15.3823
19487, 3485, 92, 54981, 13266, 92, 5.98378e+06, 15.3782
19523, 3487, 94, 54981, 13340, 94, 5.98379e+06, 15.368
19563, 3486, 94, 54978, 13313, 95, 5.98379e+06, 15.2809
19597, 3484, 94, 54976, 13336, 94, 5.98379e+06, 15.2999
19633, 3485, 94, 54978, 13409, 95, 5.98379e+06, 15.3618
19670, 3482, 94, 54978, 13362, 94, 5.98379e+06, 15.3904
19707, 3485, 96, 54981, 13371, 100, 5.98378e+06, 15.4255
19741, 3477, 95, 54969, 13422, 95, 5.98378e+06, 15.3467
19778, 3471, 94, 54956, 13386, 94, 5.98379e+06, 15.3311
19813, 3468, 94, 54954, 13442, 96, 5.98379e+06, 15.3424
19849, 3462, 94, 54950, 13370, 96, 5.98379e+06, 15.38
19887, 3456, 94, 54944, 13327, 95, 5.98378e+06, 15.3982
19925, 3457, 93, 54940, 13247, 95, 5.98379e+06, 15.4237
19959, 3455, 95, 54936, 13379, 96, 5.98379e+06, 15.3937
19994, 3460, 94, 54932, 13413, 94, 5.98379e+06, 15.3755
20028, 3464, 95, 54930, 13360, 95, 5.98379e+06, 15.4179
20067, 3464, 95, 54927, 13339, 95, 5.98378e+06, 15.5139
20101, 3469, 94, 54932, 13306, 96, 5.98378e+06, 15.6489
20135, 3470, 95, 54933, 13417, 97, 5.98378e+06, 15.7375
20169, 3477, 95, 54944, 13374, 97, 5.98378e+06, 15.6895
20204, 3468, 95, 54939, 13308, 97, 5.98378e+06, 15.6273
20240, 3462, 95, 54926, 13480, 95, 5.98378e+06, 15.6423
20277, 3462, 95, 54927, 13385, 96, 5.98378e+06, 15.6463
20313, 3466, 96, 54937, 13354, 98, 5.98378e+06, 15.599
20348, 3465, 95, 54940, 13356, 96, 5.98378e+06, 15.575
20383, 3459, 94, 54936, 13330, 94, 5.98378e+06, 15.6017
20419, 3459, 94, 54936, 13340, 96, 5.98378e+06, 15.5708
20455, 3462, 94, 54943, 13388, 95, 5.98378e+06, 15.6371
20492, 3456, 94, 54938, 13441, 95, 5.98378e+06, 15.5942
20527, 3459, 95, 54943, 13466, 96, 5.98378e+06, 15.5906
20562, 3455, 94, 54945, 13500, 96, 5.98378e+06, 15.6264
20597, 3450, 94, 54938, 13321, 95, 5.98378e+06, 15.639
20633, 3455, 95, 54936, 13577, 97, 5.98378e+06, 15.6726
20667, 3469, 96, 54952, 13596, 96, 5.98378e+06, 15.7285
20704, 3477, 97, 54955, 13444, 98, 5.98378e+06, 15.6858
20740, 3480, 97, 54953, 13512, 97, 5.98378e+06, 15.7027
20774, 3476, 98, 54949, 13420, 99, 5.98378e+06, 15.6423
20808, 3475, 97, 54944, 13341, 98, 5.98378e+06, 15.6047
20845, 3478, 97, 54947, 13386, 97, 5.98378e+06, 15.5766
20877, 3484, 97, 54954, 13343, 99, 5.98378e+06, 15.5775
20913, 3484, 97, 54954, 13455, 98, 5.98378e+06, 15.5035
20946, 3474, 97, 54945, 13427, 97, 5.98378e+06, 15.4717
20981, 3482, 97, 54948, 13370, 97, 5.98378e+06, 15.4919
21017, 3474, 97, 54938, 13533, 97, 5.98378e+06, 15.3994
21056, 3481, 98, 54938, 13398, 100, 5.98378e+06, 15.4466
21064, 3481, 98, 54936, 13439, 98, 5.98378e+06, 15.448
21090, 3476, 98, 54939, 13586, 99, 5.98379e+06, 15.4226
21126, 3479, 98, 54943, 13606, 99, 5.98379e+06, 15.4249
21161, 3470, 98, 54936, 13454, 98, 5.98378e+06, 15.3917
21196, 3475, 99, 54945, 13498, 102, 5.98378e+06, 15.4642
21235, 3471, 99, 54941, 13467, 99, 5.98378e+06, 15.5226
21270, 3475, 99, 54949, 13389, 100, 5.98378e+06, 15.5739
21303, 3469, 100, 54939, 13252, 100, 5.98378e+06, 15.4951
21338, 3463, 100, 54929, 13320, 101, 5.98378e+06, 15.4559
21372, 3462, 100, 54922, 13285, 101, 5.98378e+06, 15.476
21410, 3459, 100, 54917, 13348, 101, 5.98378e+06, 15.5008
21445, 3464, 100, 54922, 13358, 100, 5.98378e+06, 15.5348
21481, 3459, 101, 54909, 13455, 102, 5.98378e+06, 15.5456
21515, 3468, 100, 54910, 13533, 101, 5.98378e+06, 15.5833
21553, 3476, 100, 54924, 13547, 101, 5.98378e+06, 15.6796
21590, 3471, 100, 54922, 13528, 102, 5.98378e+06, 15.7419
21628, 3475, 102, 54916, 13573, 103, 5.98378e+06, 15.7364
21662, 3478, 101, 54907, 13616, 102, 5.98378e+06, 15.7756
21702, 3482, 104, 54902, 13331, 104, 5.98378e+06, 15.8153
21733, 3488, 104, 54909, 13573, 104, 5.98378e+06, 15.869
21769, 3484, 105, 54902, 13565, 105, 5.98378e+06, 15.9011
21808, 3476, 105, 54905, 13543, 107, 5.98378e+06, 15.9512
21844, 3477, 105, 54905, 13575, 106, 5.98378e+06, 15.9743
21878, 3471, 104, 54899, 13488, 107, 5.98378e+06, 16.0053
21913, 3474, 103, 54902, 13481, 103, 5.98378e+06, 15.9963
21949, 3476, 103, 54890, 13542, 104, 5.98378e+06, 16.0047
21984, 3480, 103, 54881, 13502, 104, 5.98378e+06, 16.0398
22017, 3480, 104, 54878, 13511, 106, 5.98378e+06, 15.9807
22052, 3481, 104, 54878, 13541, 106, 5.98378e+06, 15.9823
22064, 3477, 104, 54876, 13475, 105, 5.98378e+06, 15.9977
22085, 3479, 103, 54879, 13501, 106, 5.98378e+06, 16.0228
22120, 3488, 103, 54889, 13648, 104, 5.98378e+06, 16.0854
22159, 3492, 103, 54896, 13492, 105, 5.98378e+06, 16.1204
22193, 3491, 102, 54884, 13445, 102, 5.98378e+06, 16.1235
22228, 3496, 102, 54881, 13414, 102, 5.98378e+06, 16.168
22261, 3501, 102, 54885, 13449, 104, 5.98378e+06, 16.1467
22289, 3493, 102, 54882, 13518, 103, 5.98378e+06, 16.1397
22312, 3501, 102, 54884, 13494, 103, 5.98378e+06, 16.208
22346, 3505, 101, 54887, 13662, 102, 5.98378e+06, 16.2446
22372, 3504, 101, 54886, 13542, 103, 5.98378e+06, 16.2796
22400, 3513, 101, 54894, 13621, 101, 5.98378e+06, 16.3288
22436, 3518, 101, 54906, 13577, 105, 5.98378e+06, 16.3558
22471, 3518, 101, 54907, 13536, 103, 5.98378e+06, 16.3519
22508, 3522, 101, 54906, 13436, 104, 5.98378e+06, 16.3806
22542, 3522, 102, 54902, 13489, 104, 5.98378e+06, 16.3497
22577, 3524, 101, 54903, 13520, 101, 5.98378e+06, 16.3515
22613, 3528, 101, 54906, 13589, 104, 5.98378e+06, 16.3926
22646, 3529, 102, 54913, 13485, 103, 5.98378e+06, 16.3653
22683, 3527, 101, 54916, 13484, 101, 5.98378e+06, 16.3187
22722, 3532, 101, 54915, 13429, 101, 5.98378e+06, 16.3217
22757, 3533, 102, 54918, 13617, 102, 5.98378e+06, 16.3435
22790, 3523, 102, 54905, 13527, 102, 5.98378e+06, 16.2824
22823, 3528, 102, 54907, 13493, 103, 5.98378e+06, 16.3345
22846, 3528, 102, 54907, 13381, 102, 5.98378e+06, 16.3553
22876, 3528, 103, 54909, 13510, 108, 5.98378e+06, 16.3031
22903, 3528, 103, 54915, 13683, 105, 5.98378e+06, 16.2634
22935, 3537, 102, 54918, 13630, 103, 5.98378e+06, 16.2844
22969, 3539, 102, 54916, 13530, 103, 5.98378e+06, 16.2839
23005, 3541, 103, 54917, 13438, 105, 5.98378e+06, 16.3239
23041, 3542, 103, 54919, 13529, 105, 5.98378e+06, 16.3798
23067, 3539, 103, 54916, 13669, 104, 5.98378e+06, 16.3292
23075, 3539, 103, 54916, 13605, 104, 5.98378e+06, 16.3554
23110, 3535, 103, 54912, 13457, 104, 5.98378e+06, 16.4483
23145, 3528, 103, 54909, 13400, 103, 5.98378e+06, 16.4537
23177, 3524, 103, 54903, 13462, 104, 5.98378e+06, 16.3287
23214, 3525, 103, 54900, 13446, 104, 5.98378e+06, 16.3639
23253, 3512, 104, 54893, 13507, 104, 5.98378e+06, 16.3216
23287, 3504, 104, 54887, 13654, 105, 5.98378e+06, 16.2754
23324, 3502, 105, 54886, 13615, 107, 5.98378e+06, 16.2953
23360, 3501, 105, 54888, 13643, 106, 5.98378e+06, 16.3818
23399, 3501, 106, 54888, 13719, 106, 5.98378e+06, 16.4139
23434, 3501, 105, 54883, 13739, 105, 5.98378e+06, 16.4603
23470, 3497, 104, 54883, 13523, 106, 5.98378e+06, 16.4256
23505, 3493, 103, 54877, 13450, 104, 5.98378e+06, 16.4993
23542, 3500, 102, 54877, 13373, 102, 5.98378e+06, 16.4797
23575, 3501, 102, 54882, 13542, 105, 5.98378e+06, 16.5343
23614, 3499, 104, 54883, 13622, 104, 5.98378e+06, 16.5238
23649, 3494, 104, 54882, 13709, 105, 5.98378e+06, 16.5545
23685, 3495, 104, 54880, 13478, 105, 5.98378e+06, 16.549
23720, 3491, 106, 54883, 13643, 108, 5.98378e+06, 16.6116
23758, 3490, 106, 54886, 13402, 107, 5.98378e+06, 16.6257
23796, 3493, 106, 54889, 13445, 107, 5.98378e+06, 16.6828
23832, 3489, 106, 54882, 13527, 108, 5.98378e+06, 16.654
23867, 3487, 106, 54883, 13674, 107, 5.98378e+06, 16.6575
23902, 3492, 107, 54888, 13503, 107, 5.98378e+06, 16.7142
23938, 3495, 107, 54889, 13635, 108, 5.98378e+06, 16.7418
23975, 3493, 107, 54883, 13597, 108, 5.98378e+06, 16.7857
24009, 3494, 107, 54885, 13579, 107, 5.98378e+06, 16.7565
24044, 3482, 108, 54878, 13599, 110, 5.98378e+06, 16.7147
24065, 3480, 108, 54873, 13583, 109, 5.98378e+06, 16.7028
24078, 3478, 108, 54872, 13453, 109, 5.98378e+06, 16.7221
24113, 3472, 108, 54868, 13582, 109, 5.98378e+06, 16.7581
24148, 3475, 109, 54870, 13513, 110, 5.98378e+06, 16.7299
24187, 3480, 109, 54870, 13385, 110, 5.98378e+06, 16.7623
24220, 3481, 109, 54870, 13478, 110, 5.98378e+06, 16.7561
24256, 3478, 110, 54868, 13340, 112, 5.98378e+06, 16.739
24290, 3486, 111, 54870, 13549, 113, 5.98378e+06, 16.7911
24326, 3487, 111, 54867, 13595, 114, 5.98378e+06, 16.7608
24362, 3489, 111, 54870, 13396, 114, 5.98378e+06, 16.8496
24400, 3484, 111, 54860, 13544, 113, 5.98378e+06, 16.8557
24435, 3488, 113, 54855, 13725, 116, 5.98378e+06, 16.8054
24469, 3489, 114, 54853, 13640, 116, 5.98378e+06, 16.8129
24504, 3481, 114, 54838, 13596, 117, 5.98378e+06, 16.8064
24541, 3486, 114, 54832, 13516, 115, 5.98378e+06, 16.8415
24577, 3484, 114, 54828, 13629, 115, 5.98378e+06, 16.8485
24612, 3498, 114, 54837, 13644, 116, 5.98378e+06, 16.9257
24648, 3489, 115, 54819, 13623, 117, 5.98378e+06, 16.9125
24684, 3491, 114, 54818, 13522, 116, 5.98378e+06, 16.9274
24718, 3490, 114, 54812, 13675, 116, 5.98378e+06, 16.9103
24755, 3485, 114, 54797, 13637, 117, 5.98378e+06, 16.919
24789, 3490, 113, 54794, 13710, 114, 5.98378e+06, 16.916
24826, 3488, 113, 54797, 13706, 113, 5.98378e+06, 16.8923
24861, 3484, 113, 54796, 13582, 114, 5.98378e+06, 16.8863
24897, 3488, 114, 54783, 13500, 116, 5.98378e+06, 16.8849
24935, 3487, 114, 54776, 13727, 115, 5.98378e+06, 16.7291
24970, 3485, 114, 54776, 13574, 117, 5.98378e+06, 16.7374
25004, 3487, 114, 54769, 13661, 116, 5.98378e+06, 16.7864
25038, 3483, 114, 54767, 13564, 114, 5.98378e+06, 16.8374
25064, 3486, 114, 54767, 13555, 116, 5.98378e+06, 16.8348
25073, 3483, 114, 54762, 13559, 114, 5.98378e+06, 16.8646
25112, 3469, 114, 54755, 13524, 117, 5.98378e+06, 16.7193
25147, 3471, 114, 54751, 13676, 116, 5.98378e+06, 16.7615
25182, 3466, 114, 54744, 13588, 116, 5.98378e+06, 16.7857
25216, 3471, 115, 54747, 13546, 117, 5.98378e+06, 16.8438
25251, 3472, 115, 54743, 13650, 116, 5.98378e+06, 16.8997
25287, 3471, 115, 54732, 13526, 115, 5.98378e+06, 16.9401
25323, 3469, 115, 54725, 13728, 116, 5.98378e+06, 16.9762
25357, 3472, 115, 54726, 13815, 115, 5.98378e+06, 17.0305
25389, 3470, 115, 54718, 13697, 116, 5.98378e+06, 17.0458
25424, 3467, 115, 54710, 13552, 115, 5.98378e+06, 17.0494
25457, 3471, 115, 54707, 13479, 116, 5.98378e+06, 17.1082
25494, 3472, 115, 54709, 13586, 118, 5.98378e+06, 17.1463
25527, 3472, 115, 54706, 13666, 117, 5.98378e+06, 17.1772
25560, 3470, 115, 54699, 13736, 119, 5.98378e+06, 17.1738
25593, 3471, 115, 54689, 13542, 116, 5.98378e+06, 17.1537
25630, 3462, 114, 54681, 13462, 114, 5.98378e+06, 17.1304
25661, 3459, 114, 54673, 13540, 114, 5.98378e+06, 17.1382
25698, 3453, 114, 54671, 13582, 115, 5.98378e+06, 17.117
25732, 3450, 115, 54657, 13545, 116, 5.98378e+06, 17.1246
25764, 3453, 115, 54661, 13507, 116, 5.98378e+06, 17.1714
25798, 3451, 115, 54654, 13517, 117, 5.98378e+06, 17.1331
25835, 3445, 115, 54644, 13528, 116, 5.98378e+06, 17.0939
25869, 3441, 114, 54638, 13342, 115, 5.98378e+06, 17.0904
25902, 3458, 114, 54644, 13552, 115, 5.98378e+06, 17.1881
25937, 3451, 115, 54618, 13629, 115, 5.98378e+06, 17.2141
25971, 3457, 116, 54623, 13444, 118, 5.98378e+06, 17.3276
26005, 3451, 116, 54621, 13484, 116, 5.98378e+06, 17.3862
26042, 3446, 117, 54622, 13596, 118, 5.98378e+06, 17.4129
26064, 3442, 118, 54617, 13603, 120, 5.98378e+06, 17.3202
26079, 3440, 118, 54618, 13720, 120, 5.98378e+06, 17.2718
26113, 3440, 119, 54606, 13590, 119, 5.98378e+06, 17.2917
26147, 3435, 118, 54592, 13526, 119, 5.98378e+06, 17.2979
26182, 3436, 118, 54582, 13619, 118, 5.98378e+06, 17.2681
26216, 3442, 118, 54589, 13506, 118, 5.98378e+06, 17.3218
26253, 3440, 118, 54578, 13590, 119, 5.98378e+06, 17.3201
26287, 3442, 118, 54575, 13591, 120, 5.98378e+06, 17.3347
26321, 3447, 118, 54574, 13669, 119, 5.98378e+06, 17.3515
26355, 3452, 118, 54581, 13834, 121, 5.98378e+06, 17.3551
26390, 3449, 118, 54578, 13564, 120, 5.98378e+06, 17.3674
26427, 3451, 119, 54585, 13525, 121, 5.98378e+06, 17.4054
26461, 3452, 119, 54588, 13661, 120, 5.98378e+06, 17.45
26495, 3445, 118, 54582, 13589, 118, 5.98378e+06, 17.4647
26531, 3454, 118, 54593, 13589, 118, 5.98378e+06, 17.4608
26566, 3448, 118, 54593, 13563, 119, 5.98378e+06, 17.3576
26603, 3444, 117, 54583, 13643, 119, 5.98378e+06, 17.3621
26641, 3443, 117, 54573, 13676, 119, 5.98378e+06, 17.3664
26674, 3445, 117, 54580, 13546, 121, 5.98378e+06, 17.4152
26708, 3445, 117, 54573, 13734, 120, 5.98378e+06, 17.5037
26743, 3439, 118, 54558, 13573, 121, 5.98378e+06, 17.5143
26780, 3441, 119, 54553, 13680, 119, 5.98378e+06, 17.5362
26814, 3439, 119, 54553, 13767, 120, 5.98378e+06, 17.5375
26848, 3438, 119, 54547, 13474, 120, 5.98378e+06, 17.5727
26884, 3433, 120, 54537, 13896, 120, 5.98378e+06, 17.6165
26917, 3433, 120, 54539, 13858, 122, 5.98378e+06, 17.603
26954, 3439, 120, 54548, 13731, 123, 5.98378e+06, 17.6547
26990, 3431, 121, 54530, 13831, 124, 5.98378e+06, 17.5606
27024, 3426, 120, 54526, 13628, 121, 5.98378e+06, 17.5847
27059, 3425, 121, 54526, 13664, 121, 5.98378e+06, 17.6481
27065, 3428, 121, 54528, 13621, 121, 5.98378e+06, 17.6777
27093, 3434, 121, 54529, 13770, 121, 5.98378e+06, 17.6943
27128, 3434, 121, 54514, 13645, 121, 5.98378e+06, 17.7511
27163, 3427, 122, 54504, 13725, 125, 5.98378e+06, 17.7358
27200, 3431, 122, 54502, 13673, 123, 5.98378e+06, 17.7102
27234, 3436, 123, 54503, 13646, 126, 5.98378e+06, 17.7965
27268, 3433, 122, 54501, 13577, 122, 5.98378e+06, 17.8741
27302, 3431, 122, 54504, 13548, 122, 5.98378e+06, 17.915
27335, 3433, 122, 54502, 13552, 122, 5.98378e+06, 17.9945
27373, 3439, 121, 54503, 13555, 124, 5.98378e+06, 18.04
27408, 3446, 122, 54504, 13507, 125, 5.98378e+06, 18.1037
27441, 3439, 123, 54490, 13613, 124, 5.98378e+06, 18.1347
27476, 3441, 123, 54476, 13461, 126, 5.98378e+06, 18.2
27511, 3442, 123, 54453, 13586, 127, 5.98378e+06, 18.2304
27548, 3441, 123, 54443, 13642, 123, 5.98378e+06, 18.1934
27582, 3438, 123, 54435, 13682, 125, 5.98378e+06, 18.2089
27617, 3448, 122, 54445, 13689, 122, 5.98378e+06, 18.3382
27650, 3447, 123, 54448, 13703, 125, 5.98378e+06, 18.3699
27684, 3450, 123, 54451, 13751, 127, 5.98378e+06, 18.4261
27722, 3438, 123, 54444, 13684, 125, 5.98378e+06, 18.4963
27757, 3437, 123, 54449, 13782, 127, 5.98378e+06, 18.5526
27792, 3436, 124, 54444, 13646, 126, 5.98378e+06, 18.5777
27825, 3428, 124, 54433, 13629, 126, 5.98378e+06, 18.4495
27860, 3435, 124, 54439, 13528, 126, 5.98378e+06, 18.4703
27899, 3437, 124, 54435, 13565, 126, 5.98378e+06, 18.4413
27932, 3432, 124, 54433, 13463, 126, 5.98378e+06, 18.4575
27967, 3436, 125, 54438, 13626, 125, 5.98378e+06, 18.4848
28002, 3437, 127, 54433, 13605, 131, 5.98378e+06, 18.497
28037, 3445, 126, 54444, 13595, 128, 5.98378e+06, 18.5803
28064, 3437, 126, 54443, 13808, 126, 5.98378e+06, 18.4461
28073, 3435, 126, 54444, 13697, 128, 5.98378e+06, 18.4297
28111, 3433, 126, 54434, 13634, 127, 5.98378e+06, 18.4351
28144, 3442, 127, 54443, 13427, 130, 5.98378e+06, 18.5196
28179, 3441, 126, 54443, 13546, 129, 5.98378e+06, 18.5886
28214, 3443, 128, 54442, 13668, 128, 5.98378e+06, 18.5783
28248, 3447, 128, 54443, 13517, 128, 5.98378e+06, 18.695
28287, 3451, 128, 54433, 13719, 128, 5.98378e+06, 18.7701
28324, 3448, 130, 54430, 13659, 130, 5.98378e+06, 18.8203
28359, 3451, 131, 54438, 13597, 134, 5.98378e+06, 18.7853
28395, 3448, 130, 54428, 13591, 131, 5.98378e+06, 18.7121
28431, 3449, 130, 54421, 13688, 131, 5.98378e+06, 18.7423
28468, 3441, 130, 54408, 13604, 132, 5.98378e+06, 18.7126
28502, 3433, 130, 54398, 13552, 131, 5.98378e+06, 18.5334
28536, 3432, 129, 54394, 13560, 130, 5.98378e+06, 18.4652
28570, 3433, 128, 54395, 13689, 131, 5.98378e+06, 18.4107
28604, 3430, 129, 54394, 13635, 131, 5.98378e+06, 18.4174
28639, 3431, 129, 54400, 13477, 132, 5.98378e+06, 18.4225
28677, 3428, 128, 54399, 13498, 130, 5.98378e+06, 18.4326
28711, 3424, 128, 54392, 13538, 129, 5.98378e+06, 18.435
28746, 3421, 128, 54386, 13657, 128, 5.98378e+06, 18.4539
28778, 3416, 130, 54377, 13674, 130, 5.98378e+06, 18.3898
28816, 3414, 129, 54373, 13673, 131, 5.98378e+06, 18.3559
28849, 3419, 131, 54378, 13623, 133, 5.98378e+06, 18.3574
28886, 3408, 131, 54372, 13619, 132, 5.98378e+06, 18.3619
28920, 3410, 132, 54372, 13545, 133, 5.98378e+06, 18.3233
28954, 3403, 132, 54369, 13887, 132, 5.98378e+06, 18.3493
28989, 3409, 131, 54380, 13590, 131, 5.98378e+06, 18.4421
29029, 3401, 131, 54378, 13664, 132, 5.98378e+06, 18.4613
29062, 3400, 131, 54388, 13676, 131, 5.98378e+06, 18.5016
29065, 3400, 131, 54389, 13647, 131, 5.98378e+06, 18.5022
29098, 3382, 131, 54364, 13760, 133, 5.98378e+06, 18.4079
29134, 3376, 131, 54362, 13846, 132, 5.98378e+06, 18.3445
29169, 3382, 130, 54373, 13799, 130, 5.98378e+06, 18.4276
29205, 3383, 132, 54375, 13671, 134, 5.98378e+06, 18.4305
29244, 3391, 131, 54377, 13714, 131, 5.98378e+06, 18.3654
29279, 3398, 130, 54386, 13743, 130, 5.98378e+06, 18.415
29315, 3395, 131, 54378, 13625, 133, 5.98378e+06, 18.4299
29350, 3396, 132, 54373, 13790, 134, 5.98378e+06, 18.4467
29386, 3396, 132, 54373, 13844, 134, 5.98378e+06, 18.4525
29424, 3392, 131, 54365, 13606, 131, 5.98378e+06, 18.4023
29463, 3391, 131, 54370, 13811, 134, 5.98378e+06, 18.5162
29498, 3399, 131, 54365, 13771, 132, 5.98378e+06, 18.6051
29533, 3405, 132, 54360, 13832, 132, 5.98378e+06, 18.6227
29569, 3411, 132, 54366, 13636, 135, 5.98378e+06, 18.5603
29608, 3402, 132, 54353, 13843, 133, 5.98378e+06, 18.5472
29644, 3408, 133, 54358, 13830, 133, 5.98378e+06, 18.57
29680, 3421, 134, 54359, 13968, 134, 5.98378e+06, 18.6438
29715, 3408, 134, 54342, 13631, 134, 5.98378e+06, 18.6536
29751, 3404, 136, 54343, 13835, 137, 5.98378e+06, 18.6318
29787, 3389, 135, 54319, 13686, 136, 5.98378e+06, 18.6511
29825, 3385, 134, 54316, 13833, 135, 5.98378e+06, 18.5763
29860, 3389, 134, 54323, 13904, 134, 5.98378e+06, 18.6254
29896, 3383, 134, 54313, 13819, 135, 5.98378e+06, 18.5235
29929, 3375, 134, 54313, 13847, 137, 5.98378e+06, 18.4516
29964, 3369, 135, 54307, 13948, 137, 5.98378e+06, 18.46
30000, 3375, 135, 54318, 13910, 136, 5.98378e+06, 18.4775
30037, 3386, 135, 54327, 13781, 137, 5.98378e+06, 18.5872
30067, 3377, 135, 54315, 13823, 136, 5.98378e+06, 18.5885
30071, 3377, 135, 54318, 13830, 137, 5.98378e+06, 18.6032
30106, 3376, 135, 54320, 13931, 135, 5.98378e+06, 18.6566
30139, 3384, 136, 54325, 13921, 139, 5.98378e+06, 18.7506
30177, 3380, 136, 54319, 13860, 137, 5.98378e+06, 18.7077
30212, 3379, 136, 54313, 13830, 136, 5.98378e+06, 18.7079
30247, 3377, 136, 54305, 13818, 136, 5.98378e+06, 18.68
30282, 3390, 138, 54314, 13928, 138, 5.98378e+06, 18.7436
30317, 3386, 138, 54309, 13944, 140, 5.98378e+06, 18.6898
30352, 3381, 137, 54302, 13815, 143, 5.98378e+06, 18.7767
30389, 3375, 138, 54291, 13828, 138, 5.98378e+06, 18.7888
30423, 3380, 139, 54292, 13767, 139, 5.98378e+06, 18.8633
30458, 3380, 139, 54296, 13832, 142, 5.98378e+06, 18.8856
30492, 3377, 139, 54289, 13887, 141, 5.98378e+06, 18.9661
30529, 3374, 139, 54286, 13738, 140, 5.98378e+06, 18.8903
30578, 3383, 140, 54284, 13847, 144, 5.98378e+06, 18.9079
30605, 3398, 140, 54288, 13879, 142, 5.98378e+06, 18.9249
30638, 3389, 140, 54277, 13823, 142, 5.98378e+06, 18.901
30673, 3393, 140, 54276, 13775, 146, 5.98378e+06, 18.9344
30707, 3391, 140, 54281, 13815, 141, 5.98378e+06, 18.9816
30744, 3396, 139, 54287, 13801, 141, 5.98378e+06, 19.1004
30778, 3397, 139, 54292, 13677, 141, 5.98378e+06, 19.1895
30813, 3393, 140, 54284, 13682, 141, 5.98378e+06, 19.1808
30846, 3388, 139, 54278, 13657, 140, 5.98378e+06, 19.1642
30881, 3393, 140, 54279, 13716, 143, 5.98378e+06, 19.1959
30917, 3393, 141, 54270, 13739, 142, 5.98378e+06, 19.1662
30954, 3393, 142, 54262, 13869, 142, 5.98378e+06, 19.2112
30987, 3394, 143, 54263, 13648, 143, 5.98378e+06, 19.2801
31020, 3384, 144, 54240, 13805, 148, 5.98378e+06, 19.2633
31053, 3378, 144, 54230, 13773, 145, 5.98378e+06, 19.2893
31065, 3372, 144, 54221, 13790, 145, 5.98378e+06, 19.2665
31088, 3364, 144, 54212, 13830, 144, 5.98378e+06, 19.2584
31124, 3353, 144, 54205, 13832, 146, 5.98378e+06, 19.255
31158, 3355, 144, 54202, 13708, 146, 5.98378e+06, 19.2063
31190, 3354, 144, 54205, 13839, 144, 5.98378e+06, 19.2801
31224, 3352, 143, 54191, 13941, 145, 5.98378e+06, 19.2481
31259, 3350, 144, 54194, 13771, 147, 5.98378e+06, 19.3039
31293, 3346, 144, 54194, 13797, 145, 5.98378e+06, 19.3841
31330, 3343, 144, 54189, 13781, 144, 5.98378e+06, 19.355
31364, 3347, 144, 54187, 13683, 145, 5.98378e+06, 19.4492
31398, 3347, 145, 54186, 13706, 147, 5.98378e+06, 19.4909
31433, 3347, 145, 54181, 13848, 150, 5.98378e+06, 19.5056
31469, 3338, 145, 54165, 13710, 145, 5.98378e+06, 19.5203
31506, 3342, 145, 54165, 13871, 146, 5.98378e+06, 19.6254
31540, 3342, 145, 54171, 13726, 146, 5.98378e+06, 19.5686
31575, 3340, 145, 54169, 14004, 146, 5.98378e+06, 19.5771
31609, 3349, 144, 54174, 13951, 144, 5.98378e+06, 19.6352
31648, 3350, 145, 54163, 13837, 146, 5.98378e+06, 19.6407
31682, 3349, 145, 54161, 13843, 145, 5.98378e+06, 19.6945
31717, 3351, 146, 54156, 13912, 147, 5.98378e+06, 19.7556
31753, 3351, 145, 54149, 13978, 146, 5.98378e+06, 19.7933
31786, 3348, 145, 54150, 13796, 149, 5.98378e+06, 19.8294
31821, 3354, 146, 54158, 13907, 148, 5.98378e+06, 19.7678
31859, 3357, 148, 54159, 13952, 149, 5.98378e+06, 19.7665
31893, 3351, 148, 54155, 13933, 149, 5.98378e+06, 19.8308
31928, 3348, 148, 54148, 13900, 149, 5.98378e+06, 19.854
31960, 3348, 148, 54143, 13897, 150, 5.98378e+06, 19.8762
31995, 3343, 148, 54140, 13931, 150, 5.98378e+06, 19.9374
32028, 3350, 148, 54138, 14078, 150, 5.98378e+06, 19.9462
32066, 3342, 147, 54139, 13937, 150, 5.98378e+06, 19.9215
32097, 3343, 147, 54133, 13728, 148, 5.98378e+06, 20.0041
32131, 3344, 147, 54141, 13826, 148, 5.98378e+06, 20.0035
32167, 3349, 148, 54150, 13905, 149, 5.98378e+06, 19.9713
32201, 3356, 149, 54162, 14027, 149, 5.98378e+06, 19.9978
32239, 3355, 150, 54154, 13797, 151, 5.98378e+06, 19.9873
32274, 3346, 150, 54147, 13839, 150, 5.98378e+06, 19.9481
32307, 3347, 150, 54153, 13800, 152, 5.98378e+06, 20.0318
32341, 3342, 150, 54146, 13850, 151, 5.98378e+06, 20.0256
32376, 3359, 148, 54150, 13761, 151, 5.98378e+06, 20.1455
32413, 3347, 148, 54130, 13852, 150, 5.98378e+06, 20.2351
32447, 3350, 147, 54125, 13809, 148, 5.98378e+06, 20.2644
32481, 3356, 148, 54120, 13824, 148, 5.98378e+06, 20.2581
32515, 3349, 147, 54108, 13745, 148, 5.98378e+06, 20.2666
32551, 3344, 146, 54097, 13763, 146, 5.98378e+06, 20.2381
32587, 3344, 146, 54101, 13826, 148, 5.98378e+06, 20.2061
32624, 3348, 146, 54104, 13841, 148, 5.98378e+06, 20.2271
32659, 3353, 145, 54100, 13738, 146, 5.98378e+06, 20.2521
32693, 3358, 147, 54102, 13833, 149, 5.98378e+06, 20.1807
32727, 3351, 147, 54095, 13824, 148, 5.98378e+06, 20.1917
32762, 3342, 147, 54088, 13784, 148, 5.98378e+06, 20.1763
32798, 3349, 148, 54089, 13758, 150, 5.98378e+06, 20.0726
32835, 3342, 148, 54077, 13972, 149, 5.98378e+06, 20.0417
32869, 3340, 147, 54061, 13929, 151, 5.98378e+06, 20.055
32904, 3349, 147, 54059, 13884, 151, 5.98378e+06, 20.0885
32938, 3355, 150, 54057, 13823, 151, 5.98378e+06, 20.1794
32976, 3350, 150, 54044, 13763, 150, 5.98378e+06, 20.161
33010, 3341, 150, 54033, 13879, 152, 5.98378e+06, 20.1691
33044, 3346, 151, 54029, 13987, 152, 5.98378e+06, 20.2293
33064, 3346, 152, 54023, 13889, 152, 5.98378e+06, 20.21
33077, 3348, 152, 54025, 13960, 152, 5.98378e+06, 20.0826
33114, 3347, 152, 54024, 13931, 156, 5.98378e+06, 19.98
33147, 3352, 151, 54027, 13948, 152, 5.98378e+06, 19.9489
33185, 3333, 152, 54010, 13836, 156, 5.98378e+06, 19.6934
33218, 3342, 152, 54018, 13782, 154, 5.98378e+06, 19.7571
33250, 3341, 153, 54010, 13987, 155, 5.98378e+06, 19.7234
33284, 3345, 154, 54005, 13956, 154, 5.98378e+06, 19.7738
33317, 3345, 155, 53996, 13899, 155, 5.98378e+06, 19.8174
33352, 3344, 155, 53993, 13860, 156, 5.98378e+06, 19.7818
33389, 3348, 154, 53992, 13953, 154, 5.98378e+06, 19.8316
33423, 3340, 153, 53980, 13875, 157, 5.98378e+06, 19.898
33456, 3338, 152, 53969, 14012, 153, 5.98378e+06, 19.8747
33488, 3338, 153, 53953, 13990, 153, 5.98378e+06, 19.9401
33522, 3340, 152, 53949, 13886, 153, 5.98378e+06, 19.9252
33559, 3335, 153, 53950, 13965, 156, 5.98378e+06, 19.8066
33594, 3329, 153, 53940, 14008, 155, 5.98378e+06, 19.8321
33628, 3318, 153, 53929, 14032, 155, 5.98378e+06, 19.8553
33662, 3314, 153, 53932, 13878, 155, 5.98378e+06, 19.8347
33697, 3310, 153, 53923, 13976, 155, 5.98378e+06, 19.9107
33735, 3311, 156, 53917, 14001, 157, 5.98378e+06, 19.9422
33767, 3295, 156, 53894, 13882, 157, 5.98378e+06, 19.927
33801, 3298, 157, 53893, 13993, 157, 5.98378e+06, 19.9883
33835, 3303, 157, 53894, 14037, 159, 5.98378e+06, 20.0596
33870, 3299, 157, 53890, 14035, 159, 5.98378e+06, 20.1158
33908, 3295, 157, 53884, 13843, 158, 5.98378e+06, 20.1744
33943, 3292, 157, 53877, 13966, 157, 5.98378e+06, 20.1657
33977, 3276, 157, 53856, 13978, 159, 5.98378e+06, 20.0682
34012, 3272, 157, 53846, 14090, 158, 5.98378e+06, 19.9651
34044, 3269, 157, 53837, 14006, 158, 5.98378e+06, 19.9035
34065, 3262, 157, 53837, 13978, 158, 5.98378e+06, 19.8573
34083, 3268, 156, 53839, 14015, 157, 5.98378e+06, 19.8976
34118, 3284, 156, 53860, 14008, 158, 5.98378e+06, 19.8942
34153, 3279, 156, 53858, 14013, 156, 5.98378e+06, 19.9412
34187, 3278, 156, 53857, 14172, 157, 5.98378e+06, 19.8558
34222, 3285, 156, 53850, 14103, 157, 5.98378e+06, 19.937
34257, 3276, 157, 53835, 14145, 159, 5.98378e+06, 19.9632
34296, 3275, 160, 53830, 14171, 160, 5.98378e+06, 19.8431
34330, 3260, 160, 53816, 14121, 163, 5.98378e+06, 19.8337
34365, 3262, 162, 53809, 14078, 164, 5.98378e+06, 19.9145
34399, 3270, 163, 53824, 14041, 165, 5.98378e+06, 20.0506
34432, 3273, 163, 53829, 14050, 164, 5.98378e+06, 20.1202
34469, 3267, 163, 53828, 13815, 164, 5.98378e+06, 20.1582
34504, 3256, 163, 53817, 13969, 164, 5.98378e+06, 20.1825
34536, 3262, 164, 53824, 13936, 165, 5.98378e+06, 20.1137
34569, 3274, 165, 53826, 14056, 171, 5.98378e+06, 20.1414
34603, 3270, 165, 53816, 14039, 167, 5.98378e+06, 20.1264
34640, 3269, 165, 53808, 14165, 165, 5.98378e+06, 20.1397
34674, 3265, 165, 53804, 14131, 166, 5.98378e+06, 20.1539
34711, 3267, 165, 53807, 14022, 166, 5.98378e+06, 20.2247
34746, 3269, 165, 53805, 14073, 165, 5.98378e+06, 20.3431
34780, 3278, 165, 53820, 14092, 167, 5.98378e+06, 20.3916
34816, 3272, 163, 53805, 14078, 165, 5.98378e+06, 20.4306
34854, 3275, 164, 53792, 13913, 166, 5.98378e+06, 20.4201
34887, 3278, 164, 53797, 14049, 164, 5.98378e+06, 20.4684
34922, 3280, 164, 53797, 14000, 165, 5.98378e+06, 20.4977
34957, 3272, 164, 53782, 14080, 167, 5.98378e+06, 20.4382
34992, 3264, 164, 53771, 14037, 164, 5.98378e+06, 20.3623
35029, 3267, 164, 53767, 14059, 167, 5.98378e+06, 20.3275
35064, 3276, 165, 53778, 13979, 171, 5.98378e+06, 20.3216
35099, 3274, 166, 53772, 14002, 169, 5.98378e+06, 20.212
35133, 3278, 166, 53782, 14010, 169, 5.98378e+06, 20.2005
35168, 3273, 166, 53774, 13952, 168, 5.98378e+06, 20.2219
35206, 3276, 166, 53774, 14079, 168, 5.98378e+06, 20.1081
35240, 3275, 165, 53767, 14010, 167, 5.98378e+06, 20.0396
35276, 3267, 165, 53753, 14058, 168, 5.98378e+06, 20.0514
35309, 3261, 165, 53741, 14107, 166, 5.98378e+06, 20.0958
35344, 3274, 163, 53742, 14105, 164, 5.98378e+06, 20.0847
35379, 3279, 165, 53741, 14202, 165, 5.98378e+06, 20.0089
35417, 3281, 165, 53750, 14096, 165, 5.98378e+06, 20.0493
35452, 3277, 166, 53746, 14138, 167, 5.98378e+06, 19.9601
35488, 3270, 166, 53736, 14128, 167, 5.98378e+06, 19.8759
35523, 3270, 168, 53730, 13989, 170, 5.98378e+06, 19.9705
35558, 3278, 169, 53732, 13932, 170, 5.98378e+06, 20.1152
35595, 3274, 169, 53732, 13945, 170, 5.98378e+06, 20.12
35632, 3269, 169, 53709, 13990, 170, 5.98378e+06, 19.9142
35666, 3264, 169, 53697, 14045, 171, 5.98378e+06, 19.8581
35700, 3265, 169, 53691, 14005, 170, 5.98378e+06, 19.8835
35734, 3260, 170, 53685, 13912, 171, 5.98378e+06, 19.8858
35771, 3276, 169, 53685, 14048, 170, 5.98378e+06, 19.9454
35805, 3275, 169, 53683, 14011, 170, 5.98378e+06, 19.8986
35839, 3264, 169, 53665, 14198, 170, 5.98378e+06, 19.915
35856, 3264, 169, 53659, 14242, 169, 5.98378e+06, 19.9354
