34, 1393, 8, 39161, 217, 8, 4.01433e+06, 2.46384
99, 1632, 5, 38619, 561, 5, 4.01432e+06, 6.89552
173, 1941, 5, 37842, 768, 5, 4.01432e+06, 11.5902
242, 2171, 5, 37089, 839, 5, 4.01431e+06, 15.4658
308, 2380, 5, 36489, 791, 5, 4.01431e+06, 19.1469
368, 2542, 5, 35878, 760, 5, 4.01431e+06, 21.847
383, 2608, 5, 35781, 713, 5, 4.01431e+06, 23.239
429, 2712, 5, 35420, 666, 5, 4.0143e+06, 25.4891
489, 2867, 5, 35046, 643, 5, 4.0143e+06, 28.7517
548, 3042, 4, 34654, 612, 4, 4.0143e+06, 32.2078
610, 3212, 5, 34277, 597, 5, 4.01429e+06, 35.0632
670, 3381, 5, 33968, 578, 5, 4.01429e+06, 38.2106
728, 3555, 5, 33682, 554, 5, 4.01429e+06, 41.4896
785, 3692, 6, 33401, 531, 7, 4.01429e+06, 44.0747
844, 3891, 6, 33146, 544, 6, 4.01428e+06, 47.0389
893, 4066, 6, 32933, 545, 6, 4.01428e+06, 49.5172
927, 4163, 6, 32812, 472, 7, 4.01428e+06, 50.6796
964, 4256, 6, 32640, 489, 6, 4.01428e+06, 52.1048
1005, 4406, 7, 32505, 458, 7, 4.01428e+06, 53.5873
1048, 4548, 6, 32348, 446, 6, 4.01427e+06, 55.0791
1094, 4683, 7, 32161, 446, 8, 4.01427e+06, 57.7233
1139, 4802, 6, 31945, 474, 6, 4.01427e+06, 59.025
1190, 4932, 7, 31715, 466, 8, 4.01427e+06, 60.3551
1241, 5100, 8, 31525, 441, 10, 4.01427e+06, 62.1526
1287, 5218, 7, 31331, 427, 7, 4.01427e+06, 63.1029
1333, 5360, 8, 31139, 478, 9, 4.01427e+06, 64.6696
1377, 5484, 7, 30966, 473, 8, 4.01426e+06, 65.9971
1382, 5485, 6, 30940, 455, 6, 4.01426e+06, 66.0243
1426, 5604, 5, 30767, 437, 5, 4.01426e+06, 67.2712
1472, 5729, 7, 30576, 438, 8, 4.01426e+06, 68.707
1519, 5888, 4, 30400, 421, 4, 4.01426e+06, 69.7673
1566, 6062, 4, 30217, 437, 4, 4.01426e+06, 70.4791
1614, 6190, 5, 30039, 391, 6, 4.01426e+06, 71.1157
1661, 6333, 4, 29881, 411, 4, 4.01426e+06, 71.88
1706, 6457, 4, 29706, 419, 4, 4.01426e+06, 73.5492
1749, 6602, 5, 29547, 407, 6, 4.01425e+06, 74.7816
1791, 6747, 4, 29389, 405, 4, 4.01425e+06, 76.6348
1834, 6897, 3, 29219, 411, 3, 4.01425e+06, 77.5562
1876, 6988, 2, 29044, 392, 2, 4.01425e+06, 77.4342
1918, 7117, 2, 28881, 392, 2, 4.01425e+06, 78.8208
1961, 7190, 2, 28698, 380, 2, 4.01425e+06, 79.1774
2003, 7325, 5, 28524, 402, 7, 4.01425e+06, 80.3782
2046, 7418, 4, 28349, 414, 6, 4.01425e+06, 80.4685
2084, 7538, 4, 28195, 408, 5, 4.01425e+06, 81.0699
2126, 7649, 3, 28013, 403, 3, 4.01425e+06, 81.9373
2166, 7739, 4, 27876, 420, 4, 4.01425e+06, 83.2814
2198, 7807, 3, 27732, 414, 3, 4.01425e+06, 84.2237
2233, 7872, 3, 27596, 406, 5, 4.01425e+06, 84.1185
2269, 7947, 3, 27462, 399, 4, 4.01424e+06, 84.8117
2306, 8025, 2, 27331, 407, 3, 4.01424e+06, 85.2652
2345, 8093, 1, 27195, 396, 1, 4.01424e+06, 85.3917
2382, 8186, 3, 27033, 401, 4, 4.01424e+06, 86.0144
2384, 8195, 2, 27028, 401, 3, 4.01424e+06, 85.9691
2421, 8263, 3, 26868, 393, 5, 4.01424e+06, 86.4199
2454, 8340, 0, 26751, 410, 0, 4.01424e+06, 87.1567
2492, 8441, 1, 26588, 420, 2, 4.01424e+06, 87.8917
2531, 8523, 0, 26437, 408, 0, 4.01424e+06, 88.5509
2570, 8615, 1, 26275, 418, 2, 4.01424e+06, 88.9853
2607, 8692, 2, 26133, 428, 4, 4.01424e+06, 89.444
2646, 8738, 0, 25964, 409, 0, 4.01424e+06, 89.8739
2685, 8805, 0, 25803, 398, 0, 4.01424e+06, 90.0676
2723, 8880, 0, 25616, 417, 0, 4.01424e+06, 90.9141
2762, 8959, 0, 25480, 399, 0, 4.01424e+06, 91.5443
2803, 9002, 1, 25312, 371, 1, 4.01424e+06, 91.7768
2841, 9077, 1, 25166, 364, 2, 4.01424e+06, 92.3526
2879, 9110, 0, 24995, 358, 0, 4.01424e+06, 92.1313
2918, 9154, 0, 24837, 359, 0, 4.01424e+06, 92.1571
2958, 9236, 2, 24693, 370, 3, 4.01424e+06, 92.6809
2995, 9293, 1, 24558, 377, 2, 4.01424e+06, 93.7964
3033, 9355, 1, 24420, 351, 2, 4.01424e+06, 94.47
3071, 9391, 2, 24286, 370, 4, 4.01424e+06, 94.5779
3111, 9443, 0, 24127, 347, 0, 4.01423e+06, 95.4639
3150, 9468, 0, 23965, 334, 0, 4.01423e+06, 95.5951
3187, 9539, 0, 23834, 354, 0, 4.01423e+06, 95.5934
3226, 9592, 1, 23702, 353, 2, 4.01423e+06, 95.8113
3263, 9641, 0, 23540, 378, 0, 4.01423e+06, 95.7591
3300, 9699, 2, 23396, 358, 4, 4.01423e+06, 96.1671
3339, 9756, 0, 23238, 357, 0, 4.01423e+06, 96.0959
3374, 9775, 3, 23116, 332, 5, 4.01423e+06, 95.7287
3381, 9791, 0, 23091, 324, 0, 4.01423e+06, 95.8887
3412, 9828, 1, 22959, 339, 1, 4.01423e+06, 96.0648
3449, 9858, 0, 22817, 376, 0, 4.01423e+06, 96.2384
3486, 9884, 0, 22670, 362, 0, 4.01423e+06, 95.9283
3524, 9936, 2, 22523, 371, 4, 4.01423e+06, 96.7088
3561, 9945, 0, 22372, 368, 0, 4.01423e+06, 96.6895
3598, 9950, 1, 22235, 380, 2, 4.01423e+06, 96.5334
3638, 9967, 0, 22083, 373, 0, 4.01423e+06, 96.2658
3674, 9986, 2, 21943, 380, 4, 4.01423e+06, 96.3676
3711, 10010, 1, 21819, 386, 2, 4.01423e+06, 96.4798
3749, 10011, 2, 21678, 355, 2, 4.01423e+06, 95.9327
3789, 10020, 0, 21513, 356, 0, 4.01423e+06, 96.5106
3825, 10025, 1, 21378, 332, 1, 4.01423e+06, 95.7622
3861, 10040, 1, 21231, 349, 2, 4.01423e+06, 95.8838
3898, 10067, 0, 21092, 365, 0, 4.01423e+06, 95.9795
3938, 10051, 0, 20934, 358, 0, 4.01423e+06, 94.9503
3975, 10067, 0, 20819, 332, 0, 4.01423e+06, 94.8761
4011, 10092, 1, 20676, 335, 2, 4.01424e+06, 94.303
4049, 10108, 0, 20528, 346, 0, 4.01424e+06, 94.79
4087, 10137, 0, 20410, 325, 0, 4.01424e+06, 94.7276
4124, 10128, 0, 20297, 345, 0, 4.01424e+06, 94.3189
4160, 10124, 1, 20182, 361, 2, 4.01424e+06, 94.6179
4198, 10118, 0, 20048, 360, 0, 4.01424e+06, 94.2437
4235, 10114, 2, 19906, 370, 4, 4.01424e+06, 93.9391
4272, 10142, 1, 19761, 383, 2, 4.01424e+06, 94.1697
4310, 10157, 0, 19629, 350, 0, 4.01424e+06, 94.6609
4348, 10170, 0, 19521, 347, 0, 4.01423e+06, 94.9314
4382, 10142, 0, 19403, 342, 0, 4.01424e+06, 93.8834
4384, 10141, 0, 19392, 346, 0, 4.01424e+06, 93.8803
4422, 10145, 1, 19259, 351, 2, 4.01424e+06, 93.7813
4461, 10146, 0, 19123, 370, 0, 4.01424e+06, 92.7195
4498, 10166, 0, 18996, 377, 0, 4.01424e+06, 93.0926
4535, 10164, 1, 18889, 387, 1, 4.01424e+06, 93.3017
4572, 10140, 2, 18771, 369, 4, 4.01424e+06, 93.4362
4612, 10132, 0, 18637, 359, 0, 4.01424e+06, 93.8846
4649, 10121, 0, 18513, 349, 0, 4.01424e+06, 93.7809
4685, 10140, 4, 18426, 328, 8, 4.01424e+06, 94.3067
4723, 10125, 0, 18316, 323, 0, 4.01424e+06, 93.5783
4762, 10097, 1, 18182, 335, 2, 4.01424e+06, 93.0454
4799, 10088, 0, 18080, 333, 0, 4.01424e+06, 93.0535
4836, 10095, 0, 17965, 325, 0, 4.01424e+06, 93.3385
4874, 10090, 1, 17871, 330, 2, 4.01424e+06, 93.0517
4912, 10056, 0, 17747, 320, 0, 4.01424e+06, 92.4289
4949, 10066, 0, 17631, 334, 0, 4.01424e+06, 92.4105
4987, 10055, 0, 17529, 314, 0, 4.01424e+06, 92.1293
5024, 10023, 1, 17407, 303, 2, 4.01424e+06, 91.1585
5064, 10009, 1, 17291, 309, 2, 4.01424e+06, 91.3789
5101, 10018, 1, 17179, 304, 1, 4.01424e+06, 90.9018
5138, 10029, 0, 17089, 301, 0, 4.01424e+06, 90.8822
5175, 10042, 0, 17011, 317, 0, 4.01424e+06, 91.2267
5214, 10040, 3, 16904, 334, 6, 4.01424e+06, 91.4825
5251, 10027, 2, 16799, 343, 3, 4.01424e+06, 91.2312
5288, 9980, 4, 16670, 365, 7, 4.01424e+06, 90.1497
5328, 9957, 2, 16563, 346, 3, 4.01424e+06, 90.3651
5366, 9943, 2, 16466, 331, 3, 4.01424e+06, 90.6723
5381, 9946, 2, 16432, 320, 3, 4.01424e+06, 90.937
5403, 9921, 3, 16366, 300, 3, 4.01424e+06, 90.7328
5443, 9911, 1, 16255, 287, 1, 4.01424e+06, 90.5153
5481, 9891, 5, 16163, 301, 9, 4.01424e+06, 90.5553
5518, 9879, 1, 16067, 289, 1, 4.01424e+06, 90.5351
5556, 9837, 4, 15963, 315, 7, 4.01424e+06, 89.7309
5597, 9833, 2, 15871, 315, 3, 4.01424e+06, 89.6951
5634, 9802, 2, 15797, 289, 3, 4.01424e+06, 89.1937
5672, 9781, 1, 15708, 310, 1, 4.01424e+06, 89.1339
5710, 9756, 1, 15594, 316, 1, 4.01424e+06, 89.1776
5750, 9755, 3, 15489, 338, 4, 4.01424e+06, 89.9113
5788, 9719, 4, 15392, 349, 6, 4.01424e+06, 89.8442
5825, 9669, 3, 15294, 352, 3, 4.01424e+06, 89.2973
5865, 9647, 5, 15207, 343, 6, 4.01424e+06, 89.0283
5902, 9628, 2, 15120, 352, 2, 4.01424e+06, 89.3248
5939, 9630, 3, 15033, 341, 4, 4.01424e+06, 89.4318
5977, 9599, 2, 14936, 330, 2, 4.01424e+06, 88.9496
6019, 9549, 2, 14837, 304, 2, 4.01424e+06, 88.2223
6057, 9536, 3, 14753, 320, 4, 4.01424e+06, 88.3026
6096, 9497, 4, 14649, 333, 5, 4.01424e+06, 87.9739
6135, 9467, 4, 14570, 321, 5, 4.01424e+06, 87.8229
6175, 9462, 4, 14485, 329, 5, 4.01424e+06, 86.9271
6215, 9407, 5, 14385, 318, 7, 4.01424e+06, 86.3896
6254, 9372, 3, 14313, 293, 3, 4.01424e+06, 86.0146
6295, 9362, 4, 14226, 308, 4, 4.01424e+06, 85.7406
6334, 9337, 4, 14129, 324, 5, 4.01424e+06, 85.9599
6373, 9298, 4, 14051, 299, 5, 4.01424e+06, 85.1883
6382, 9293, 3, 14037, 291, 3, 4.01424e+06, 85.388
6411, 9285, 5, 13987, 310, 6, 4.01424e+06, 85.9024
6453, 9262, 4, 13906, 317, 5, 4.01424e+06, 85.3762
6491, 9234, 5, 13834, 310, 7, 4.01424e+06, 85.9245
6528, 9225, 4, 13768, 325, 5, 4.01424e+06, 86.2713
6568, 9189, 4, 13688, 299, 5, 4.01424e+06, 85.6035
6610, 9177, 6, 13607, 310, 8, 4.01424e+06, 85.4038
6648, 9169, 3, 13541, 323, 3, 4.01424e+06, 85.7149
6687, 9111, 5, 13448, 315, 6, 4.01425e+06, 84.7423
6728, 9065, 5, 13355, 309, 6, 4.01425e+06, 83.6672
6769, 9024, 5, 13264, 305, 6, 4.01425e+06, 83.04
6808, 8992, 6, 13197, 268, 8, 4.01425e+06, 82.8255
6847, 8960, 4, 13124, 272, 4, 4.01425e+06, 81.8888
6886, 8924, 5, 13035, 297, 6, 4.01425e+06, 82.0175
6943, 8911, 4, 12923, 321, 4, 4.01425e+06, 81.7185
6969, 8886, 5, 12872, 317, 5, 4.01425e+06, 81.2495
7010, 8878, 6, 12794, 322, 7, 4.01425e+06, 81.6291
7050, 8839, 4, 12729, 306, 4, 4.01425e+06, 81.2649
7091, 8817, 6, 12668, 308, 7, 4.01425e+06, 81.3639
7132, 8762, 6, 12564, 304, 7, 4.01425e+06, 80.7367
7173, 8734, 6, 12492, 291, 7, 4.01425e+06, 80.4065
7219, 8692, 5, 12402, 303, 5, 4.01425e+06, 79.8226
7260, 8682, 5, 12348, 274, 5, 4.01425e+06, 80.1541
7301, 8659, 6, 12292, 265, 7, 4.01425e+06, 80.3119
7344, 8621, 6, 12225, 273, 7, 4.01425e+06, 79.9958
7383, 8575, 8, 12155, 287, 11, 4.01425e+06, 79.5874
7385, 8575, 5, 12154, 288, 5, 4.01425e+06, 79.7615
7425, 8530, 6, 12078, 292, 7, 4.01425e+06, 78.8401
7467, 8531, 6, 12017, 308, 7, 4.01425e+06, 78.5726
7512, 8483, 6, 11945, 299, 7, 4.01425e+06, 78.065
7553, 8444, 6, 11884, 278, 7, 4.01425e+06, 77.8236
7595, 8423, 7, 11816, 265, 9, 4.01425e+06, 77.6705
7638, 8391, 5, 11749, 284, 5, 4.01425e+06, 76.9756
7682, 8355, 5, 11680, 287, 5, 4.01425e+06, 76.4816
7723, 8327, 7, 11621, 298, 9, 4.01425e+06, 76.4706
7765, 8283, 5, 11549, 297, 5, 4.01425e+06, 76.1689
7807, 8272, 6, 11489, 314, 6, 4.01425e+06, 76.2313
7849, 8250, 6, 11442, 311, 6, 4.01425e+06, 75.732
7892, 8215, 6, 11375, 337, 7, 4.01425e+06, 75.3878
7933, 8203, 8, 11319, 333, 10, 4.01425e+06, 75.1525
7977, 8164, 8, 11268, 326, 10, 4.01426e+06, 74.7509
8020, 8147, 7, 11208, 330, 8, 4.01426e+06, 74.5545
8064, 8135, 6, 11166, 318, 7, 4.01425e+06, 74.9173
8108, 8089, 9, 11106, 328, 12, 4.01426e+06, 74.3171
8153, 8073, 7, 11062, 336, 8, 4.01426e+06, 74.3024
8198, 8052, 7, 11001, 341, 9, 4.01426e+06, 73.8179
8243, 8017, 7, 10934, 324, 7, 4.01426e+06, 73.4516
8289, 7988, 6, 10886, 307, 6, 4.01426e+06, 72.9748
8334, 7961, 6, 10837, 305, 7, 4.01426e+06, 72.4163
8378, 7961, 7, 10787, 316, 9, 4.01426e+06, 72.6923
8381, 7961, 6, 10784, 314, 6, 4.01426e+06, 72.6987
8424, 7923, 7, 10718, 337, 9, 4.01426e+06, 72.7122
8470, 7907, 7, 10668, 328, 8, 4.01426e+06, 72.7079
8515, 7861, 11, 10607, 314, 15, 4.01426e+06, 72.4177
8560, 7824, 7, 10529, 336, 8, 4.01426e+06, 72.2901
8606, 7818, 7, 10479, 322, 8, 4.01426e+06, 72.0554
8655, 7774, 7, 10416, 345, 7, 4.01426e+06, 71.0159
8700, 7738, 8, 10365, 336, 10, 4.01426e+06, 71.0626
8745, 7716, 7, 10313, 322, 7, 4.01426e+06, 71.2073
8792, 7699, 10, 10263, 324, 13, 4.01426e+06, 70.7568
8838, 7675, 10, 10222, 318, 14, 4.01426e+06, 70.7684
8885, 7645, 7, 10170, 333, 7, 4.01426e+06, 70.6184
8931, 7633, 7, 10131, 323, 7, 4.01426e+06, 70.7371
8979, 7599, 9, 10082, 314, 10, 4.01426e+06, 70.5461
9024, 7574, 7, 10039, 324, 8, 4.01426e+06, 70.7008
9069, 7550, 7, 10001, 331, 7, 4.01426e+06, 70.0603
9115, 7549, 9, 9955, 352, 11, 4.01426e+06, 70.4178
9163, 7528, 8, 9910, 331, 8, 4.01426e+06, 70.4521
9209, 7483, 8, 9852, 318, 9, 4.01426e+06, 69.4914
9257, 7445, 6, 9798, 288, 6, 4.01426e+06, 68.9894
9304, 7425, 8, 9757, 304, 11, 4.01426e+06, 68.5003
9353, 7403, 7, 9716, 300, 8, 4.01426e+06, 68.1159
9381, 7379, 5, 9674, 307, 5, 4.01426e+06, 67.6515
9400, 7393, 6, 9670, 294, 7, 4.01426e+06, 68.0866
9448, 7362, 5, 9623, 279, 6, 4.01426e+06, 67.8005
9497, 7329, 6, 9566, 302, 7, 4.01426e+06, 68.2092
9544, 7305, 6, 9534, 288, 8, 4.01426e+06, 68.4159
9590, 7259, 5, 9479, 311, 7, 4.01426e+06, 67.5929
9638, 7242, 4, 9446, 312, 5, 4.01426e+06, 67.9998
9689, 7203, 5, 9397, 309, 6, 4.01426e+06, 67.5113
9736, 7178, 4, 9348, 326, 5, 4.01426e+06, 67.7682
9782, 7165, 4, 9316, 304, 5, 4.01426e+06, 68.2126
9832, 7134, 4, 9264, 319, 5, 4.01426e+06, 67.9298
9880, 7083, 5, 9214, 309, 7, 4.01426e+06, 67.8623
9929, 7053, 5, 9167, 327, 5, 4.01426e+06, 67.7501
9979, 7018, 6, 9122, 338, 8, 4.01426e+06, 67.337
10030, 6985, 4, 9071, 320, 5, 4.01426e+06, 66.4399
10077, 6947, 5, 9017, 324, 5, 4.01426e+06, 66.2685
10127, 6914, 5, 8978, 330, 6, 4.01426e+06, 65.6965
10175, 6889, 7, 8938, 356, 9, 4.01427e+06, 65.2992
10228, 6851, 5, 8899, 320, 6, 4.01427e+06, 64.5035
10278, 6845, 4, 8864, 304, 5, 4.01427e+06, 64.8707
10329, 6821, 6, 8820, 301, 8, 4.01427e+06, 64.6638
10383, 6790, 5, 8757, 312, 5, 4.01427e+06, 64.3326
10432, 6754, 8, 8728, 300, 13, 4.01427e+06, 63.4065
10481, 6731, 4, 8691, 296, 4, 4.01427e+06, 63.3291
10533, 6710, 4, 8650, 300, 4, 4.01427e+06, 63.4803
10587, 6696, 5, 8608, 301, 6, 4.01427e+06, 63.5853
10638, 6667, 5, 8572, 325, 6, 4.01427e+06, 63.2956
10688, 6657, 6, 8534, 311, 8, 4.01427e+06, 62.9357
10739, 6638, 5, 8506, 313, 6, 4.01427e+06, 62.4268
10790, 6613, 6, 8466, 310, 8, 4.01427e+06, 62.7701
10841, 6590, 5, 8429, 287, 6, 4.01427e+06, 62.3397
10891, 6581, 4, 8389, 292, 4, 4.01427e+06, 62.1916
10942, 6564, 6, 8346, 295, 8, 4.01427e+06, 62.5371
10992, 6541, 5, 8312, 283, 5, 4.01427e+06, 62.8082
11043, 6503, 4, 8273, 291, 4, 4.01427e+06, 62.3493
11093, 6477, 5, 8234, 293, 6, 4.01427e+06, 61.4596
11146, 6447, 5, 8184, 282, 5, 4.01427e+06, 60.7715
11197, 6419, 5, 8155, 273, 6, 4.01427e+06, 60.0252
11249, 6391, 5, 8102, 284, 6, 4.01427e+06, 60.3528
11301, 6376, 4, 8073, 285, 4, 4.01427e+06, 60.4526
11353, 6362, 5, 8040, 275, 6, 4.01427e+06, 60.3738
11381, 6344, 4, 8008, 295, 4, 4.01427e+06, 59.9156
11403, 6349, 4, 7999, 292, 4, 4.01427e+06, 60.4645
11455, 6343, 4, 7974, 282, 4, 4.01427e+06, 60.7287
11507, 6328, 5, 7949, 276, 5, 4.01427e+06, 60.2748
11562, 6300, 5, 7913, 264, 6, 4.01427e+06, 60.3359
11613, 6258, 4, 7872, 271, 4, 4.01427e+06, 59.1824
11665, 6226, 4, 7833, 268, 4, 4.01427e+06, 58.6133
11719, 6199, 5, 7804, 250, 6, 4.01427e+06, 58.2183
11773, 6186, 5, 7780, 247, 6, 4.01427e+06, 58.1571
11825, 6168, 5, 7744, 239, 6, 4.01427e+06, 58.048
11878, 6150, 6, 7727, 238, 8, 4.01427e+06, 57.7095
11934, 6127, 5, 7683, 259, 6, 4.01427e+06, 57.8939
11987, 6091, 6, 7643, 266, 8, 4.01427e+06, 57.491
12040, 6077, 5, 7609, 285, 6, 4.01427e+06, 57.5785
12093, 6057, 4, 7577, 292, 5, 4.01427e+06, 57.7913
12150, 6035, 3, 7542, 320, 4, 4.01427e+06, 57.702
12202, 6009, 4, 7519, 307, 6, 4.01427e+06, 57.6447
12257, 5989, 3, 7494, 302, 4, 4.01427e+06, 57.8763
12312, 5962, 3, 7450, 290, 4, 4.01427e+06, 57.7978
12369, 5917, 3, 7397, 299, 4, 4.01427e+06, 57.8443
12385, 5911, 2, 7386, 301, 3, 4.01427e+06, 57.4878
12422, 5903, 2, 7367, 279, 4, 4.01427e+06, 57.6305
12477, 5883, 1, 7336, 292, 2, 4.01427e+06, 57.8077
12534, 5851, 2, 7307, 297, 3, 4.01427e+06, 56.9623
12589, 5817, 0, 7275, 284, 0, 4.01427e+06, 56.1739
12643, 5798, 0, 7248, 279, 0, 4.01427e+06, 56.1387
12702, 5779, 1, 7225, 279, 2, 4.01427e+06, 55.5958
12756, 5765, 3, 7196, 281, 5, 4.01427e+06, 55.6113
12811, 5749, 0, 7171, 272, 0, 4.01428e+06, 55.3101
12867, 5729, 1, 7146, 280, 2, 4.01428e+06, 55.2205
12924, 5702, 1, 7118, 263, 2, 4.01428e+06, 54.8925
12982, 5679, 1, 7089, 247, 1, 4.01428e+06, 54.6356
13036, 5662, 1, 7064, 262, 1, 4.01428e+06, 54.8635
13092, 5637, 1, 7030, 270, 2, 4.01428e+06, 54.6584
13152, 5602, 2, 6999, 266, 4, 4.01428e+06, 54.0516
13207, 5576, 0, 6972, 266, 0, 4.01428e+06, 54.2426
13263, 5564, 0, 6946, 265, 0, 4.01428e+06, 54.266
13320, 5545, 2, 6919, 292, 3, 4.01428e+06, 54.1641
13379, 5533, 0, 6898, 285, 0, 4.01428e+06, 54.4245
13382, 5533, 1, 6896, 286, 2, 4.01428e+06, 54.3668
13436, 5506, 0, 6875, 276, 0, 4.01428e+06, 53.8345
13492, 5483, 1, 6854, 285, 1, 4.01428e+06, 53.1815
13549, 5469, 2, 6822, 289, 4, 4.01428e+06, 53.0899
13607, 5456, 3, 6796, 300, 5, 4.01428e+06, 53.1397
13665, 5443, 3, 6777, 293, 3, 4.01428e+06, 53.3879
13724, 5421, 1, 6750, 276, 1, 4.01428e+06, 52.6634
13783, 5401, 2, 6721, 280, 3, 4.01428e+06, 52.454
13839, 5374, 0, 6693, 303, 0, 4.01428e+06, 52.5697
13897, 5362, 0, 6665, 308, 0, 4.01428e+06, 52.5328
13955, 5349, 0, 6645, 302, 0, 4.01428e+06, 52.7682
14014, 5334, 0, 6620, 270, 0, 4.01428e+06, 52.6013
14071, 5306, 0, 6602, 256, 0, 4.01428e+06, 51.8118
14131, 5284, 1, 6579, 273, 2, 4.01428e+06, 51.8966
14194, 5269, 0, 6555, 267, 0, 4.01428e+06, 52.0058
14251, 5263, 0, 6538, 271, 0, 4.01428e+06, 52.0215
14308, 5245, 0, 6511, 264, 0, 4.01428e+06, 51.6831
14366, 5221, 0, 6488, 250, 0, 4.01428e+06, 51.3351
14383, 5216, 0, 6481, 250, 0, 4.01428e+06, 51.2068
14426, 5197, 0, 6463, 260, 0, 4.01428e+06, 50.9807
14484, 5158, 1, 6440, 260, 1, 4.01428e+06, 49.9334
14543, 5141, 0, 6420, 266, 0, 4.01428e+06, 49.6824
14603, 5144, 1, 6405, 259, 1, 4.01428e+06, 50.3021
14666, 5142, 1, 6382, 275, 1, 4.01428e+06, 50.5176
14724, 5139, 1, 6363, 285, 1, 4.01428e+06, 50.6354
14783, 5124, 1, 6347, 276, 1, 4.01428e+06, 50.4882
14843, 5108, 1, 6321, 261, 1, 4.01428e+06, 50.4766
14903, 5070, 1, 6288, 284, 1, 4.01428e+06, 50.5598
14962, 5060, 4, 6279, 270, 7, 4.01428e+06, 50.5492
15023, 5056, 1, 6256, 271, 1, 4.01428e+06, 51.151
15083, 5027, 2, 6234, 286, 2, 4.01428e+06, 50.8303
15151, 5006, 1, 6205, 297, 1, 4.01428e+06, 50.497
15220, 4987, 2, 6190, 260, 3, 4.01428e+06, 50.1111
15292, 4971, 1, 6165, 252, 1, 4.01428e+06, 50.1409
15363, 4972, 2, 6142, 268, 2, 4.01428e+06, 50.8009
15381, 4970, 1, 6130, 278, 1, 4.01428e+06, 51.0682
15435, 4964, 1, 6111, 287, 1, 4.01428e+06, 50.6374
15503, 4942, 1, 6097, 266, 1, 4.01428e+06, 50.1677
15566, 4923, 1, 6076, 259, 1, 4.01428e+06, 49.749
15624, 4904, 1, 6055, 265, 1, 4.01428e+06, 49.5139
15684, 4869, 2, 6023, 273, 3, 4.01428e+06, 48.8144
15745, 4865, 2, 6009, 274, 3, 4.01428e+06, 48.721
15807, 4840, 2, 5982, 278, 2, 4.01428e+06, 48.0875
15869, 4826, 2, 5964, 266, 3, 4.01428e+06, 48.4824
15927, 4819, 2, 5943, 273, 2, 4.01428e+06, 48.5212
15987, 4806, 2, 5927, 280, 3, 4.01428e+06, 47.894
16051, 4809, 1, 5908, 298, 1, 4.01428e+06, 48.4293
16110, 4801, 0, 5896, 293, 0, 4.01428e+06, 48.3657
16170, 4786, 1, 5879, 289, 2, 4.01428e+06, 48.0544
16232, 4774, 0, 5866, 291, 0, 4.01428e+06, 48.0362
16295, 4752, 0, 5850, 263, 0, 4.01428e+06, 47.3401
16355, 4738, 0, 5825, 251, 0, 4.01428e+06, 47.3693
16382, 4731, 1, 5811, 251, 2, 4.01428e+06, 46.9098
16414, 4722, 1, 5803, 261, 2, 4.01428e+06, 46.7511
16475, 4712, 0, 5786, 263, 0, 4.01428e+06, 46.4836
16541, 4694, 0, 5754, 266, 0, 4.01428e+06, 46.5018
16602, 4681, 1, 5730, 284, 1, 4.01428e+06, 46.788
16665, 4665, 1, 5703, 281, 2, 4.01428e+06, 46.7668
16723, 4639, 0, 5688, 275, 0, 4.01428e+06, 46.3105
16784, 4637, 2, 5676, 271, 2, 4.01428e+06, 46.7684
16845, 4641, 3, 5664, 244, 3, 4.01428e+06, 47.352
16907, 4622, 2, 5641, 249, 2, 4.01428e+06, 47.0844
16968, 4608, 3, 5624, 260, 3, 4.01428e+06, 46.6865
17028, 4590, 3, 5602, 250, 4, 4.01428e+06, 46.7037
17092, 4579, 3, 5581, 250, 4, 4.01428e+06, 47.1982
17167, 4563, 2, 5567, 275, 2, 4.01428e+06, 46.8288
17239, 4550, 2, 5547, 265, 3, 4.01428e+06, 46.3708
17312, 4535, 2, 5536, 259, 3, 4.01428e+06, 46.1961
17385, 4516, 2, 5515, 271, 3, 4.01428e+06, 45.5196
17386, 4515, 3, 5516, 269, 5, 4.01429e+06, 45.4241
17464, 4485, 1, 5495, 248, 1, 4.01429e+06, 44.8497
17537, 4470, 2, 5475, 266, 3, 4.01429e+06, 44.7079
17615, 4459, 2, 5462, 247, 3, 4.01429e+06, 44.5725
17685, 4443, 1, 5445, 247, 1, 4.01429e+06, 44.5002
17761, 4431, 1, 5430, 262, 1, 4.01429e+06, 44.5011
17827, 4418, 2, 5414, 263, 3, 4.01429e+06, 43.9605
17891, 4399, 1, 5388, 254, 1, 4.01429e+06, 43.4879
17956, 4391, 2, 5371, 253, 3, 4.01429e+06, 43.7232
18024, 4369, 1, 5346, 248, 1, 4.01429e+06, 44.3129
18088, 4360, 1, 5333, 263, 1, 4.01429e+06, 44.6698
18149, 4351, 2, 5326, 265, 4, 4.01429e+06, 44.7386
18218, 4341, 1, 5306, 255, 2, 4.01429e+06, 44.777
18282, 4328, 1, 5291, 253, 2, 4.01429e+06, 44.1445
18349, 4324, 1, 5275, 255, 2, 4.01429e+06, 44.6038
18381, 4315, 2, 5264, 263, 4, 4.01429e+06, 44.6908
18416, 4304, 2, 5262, 262, 4, 4.01429e+06, 44.6595
18486, 4295, 1, 5250, 248, 2, 4.01429e+06, 44.2902
18552, 4291, 2, 5228, 264, 3, 4.01429e+06, 44.0292
18619, 4285, 1, 5211, 261, 2, 4.01429e+06, 44.4354
18679, 4279, 1, 5194, 272, 2, 4.01429e+06, 44.472
18725, 4266, 1, 5179, 272, 2, 4.01429e+06, 44.4
18795, 4252, 3, 5163, 252, 6, 4.01429e+06, 43.9436
18848, 4250, 1, 5149, 262, 2, 4.01429e+06, 43.9567
18923, 4239, 2, 5127, 245, 4, 4.01429e+06, 43.8559
18989, 4229, 1, 5115, 248, 2, 4.01429e+06, 43.8723
19057, 4222, 2, 5101, 262, 4, 4.01429e+06, 43.5475
19127, 4207, 1, 5087, 251, 2, 4.01429e+06, 43.7584
19202, 4200, 1, 5073, 266, 2, 4.01429e+06, 44.0097
19262, 4188, 1, 5065, 262, 2, 4.01429e+06, 44.2987
19316, 4189, 2, 5057, 249, 4, 4.01429e+06, 44.3212
19384, 4165, 2, 5049, 239, 4, 4.01429e+06, 43.6121
19385, 4161, 4, 5047, 239, 8, 4.01429e+06, 43.4405
19447, 4155, 1, 5036, 251, 2, 4.01429e+06, 43.7216
19514, 4135, 1, 5019, 267, 2, 4.01429e+06, 43.2473
19584, 4132, 2, 5013, 263, 4, 4.01429e+06, 43.6083
19655, 4110, 2, 4995, 245, 3, 4.01429e+06, 42.8226
19724, 4101, 1, 4984, 242, 2, 4.01429e+06, 43.2047
19796, 4084, 1, 4972, 233, 2, 4.01429e+06, 42.9705
19869, 4073, 1, 4948, 246, 2, 4.01429e+06, 43.2444
19939, 4063, 1, 4933, 248, 2, 4.01429e+06, 42.5749
20007, 4061, 1, 4913, 258, 2, 4.01429e+06, 42.4679
20076, 4050, 2, 4902, 255, 4, 4.01429e+06, 42.749
20153, 4028, 1, 4874, 263, 2, 4.01429e+06, 42.882
20224, 4020, 1, 4863, 261, 2, 4.01429e+06, 42.5709
20297, 4006, 2, 4852, 256, 4, 4.01429e+06, 42.6219
20369, 3994, 1, 4838, 267, 2, 4.01429e+06, 42.8539
20382, 3989, 1, 4834, 268, 2, 4.01429e+06, 42.8601
20446, 3969, 3, 4827, 257, 5, 4.01429e+06, 41.9788
20520, 3963, 2, 4817, 261, 3, 4.01429e+06, 41.672
20593, 3944, 1, 4804, 264, 2, 4.01429e+06, 40.9066
20667, 3947, 1, 4793, 262, 2, 4.01429e+06, 41.451
20745, 3932, 1, 4777, 278, 1, 4.01429e+06, 41.785
20819, 3920, 0, 4760, 261, 0, 4.01429e+06, 41.6863
20893, 3908, 1, 4745, 241, 2, 4.01429e+06, 41.9067
20971, 3910, 0, 4737, 238, 0, 4.01429e+06, 42.2589
21047, 3896, 1, 4721, 250, 2, 4.01429e+06, 42.2036
21122, 3861, 0, 4698, 267, 0, 4.01429e+06, 41.3015
21196, 3850, 0, 4681, 260, 0, 4.01429e+06, 41.181
21269, 3840, 0, 4673, 240, 0, 4.01429e+06, 41.1806
21347, 3811, 0, 4653, 238, 0, 4.01429e+06, 40.7227
21383, 3811, 2, 4652, 245, 3, 4.01429e+06, 41.0109
21420, 3797, 0, 4638, 244, 0, 4.01429e+06, 40.6906
21493, 3778, 0, 4627, 251, 0, 4.01429e+06, 40.4096
21571, 3764, 0, 4619, 239, 0, 4.01429e+06, 40.3855
21644, 3738, 0, 4601, 255, 0, 4.01429e+06, 40.0427
21718, 3739, 1, 4591, 234, 2, 4.01429e+06, 39.9268
21797, 3733, 0, 4581, 256, 0, 4.01429e+06, 39.8637
21871, 3721, 1, 4565, 266, 2, 4.01429e+06, 40.3507
21948, 3715, 0, 4560, 256, 0, 4.01429e+06, 40.0602
22024, 3701, 0, 4558, 246, 0, 4.01429e+06, 39.645
22105, 3707, 0, 4549, 248, 0, 4.01429e+06, 40.0124
22181, 3693, 0, 4539, 255, 0, 4.01429e+06, 39.8695
22257, 3688, 0, 4526, 254, 0, 4.01429e+06, 39.8401
22335, 3672, 1, 4506, 253, 2, 4.01429e+06, 39.9708
22382, 3669, 3, 4500, 261, 5, 4.01429e+06, 40.0713
22417, 3661, 2, 4493, 264, 4, 4.01429e+06, 39.7449
22494, 3650, 0, 4475, 267, 0, 4.01429e+06, 39.6414
22572, 3637, 1, 4463, 269, 1, 4.01429e+06, 39.2038
22635, 3622, 1, 4447, 255, 2, 4.01429e+06, 39.3136
22705, 3624, 0, 4435, 269, 0, 4.01429e+06, 39.3132
22769, 3615, 0, 4416, 264, 0, 4.01429e+06, 39.8646
22837, 3606, 1, 4408, 258, 2, 4.01429e+06, 39.4555
22903, 3595, 1, 4401, 257, 2, 4.01429e+06, 39.5104
22975, 3596, 1, 4396, 259, 2, 4.01429e+06, 39.4713
23045, 3577, 1, 4385, 270, 2, 4.01429e+06, 38.8161
23114, 3568, 1, 4370, 268, 2, 4.01429e+06, 38.9657
23184, 3558, 0, 4361, 275, 0, 4.01429e+06, 38.812
23254, 3549, 0, 4343, 278, 0, 4.01429e+06, 38.7591
23327, 3537, 1, 4334, 266, 2, 4.01429e+06, 38.6798
23382, 3530, 0, 4326, 264, 0, 4.01429e+06, 38.8146
23399, 3530, 1, 4320, 258, 2, 4.01429e+06, 38.865
23472, 3516, 0, 4309, 252, 0, 4.01429e+06, 38.2936
23534, 3504, 0, 4300, 260, 0, 4.01429e+06, 38.6973
23600, 3495, 0, 4284, 276, 0, 4.01429e+06, 39.0848
23660, 3490, 1, 4282, 281, 2, 4.01429e+06, 39.2954
23728, 3481, 0, 4272, 276, 0, 4.01429e+06, 39.2527
23795, 3468, 2, 4254, 274, 2, 4.01429e+06, 39.2353
23856, 3469, 1, 4249, 279, 2, 4.01429e+06, 39.3659
23931, 3446, 1, 4231, 286, 2, 4.01429e+06, 38.8329
23994, 3440, 0, 4231, 262, 0, 4.01429e+06, 39.0366
24067, 3438, 1, 4228, 260, 2, 4.01429e+06, 38.8626
24139, 3423, 1, 4214, 266, 2, 4.01429e+06, 38.8244
24211, 3423, 0, 4206, 260, 0, 4.01429e+06, 38.8008
24284, 3403, 1, 4193, 255, 2, 4.01429e+06, 38.2754
24349, 3390, 1, 4186, 249, 2, 4.01429e+06, 37.9923
24384, 3387, 0, 4178, 250, 0, 4.01429e+06, 38.2032
24423, 3382, 0, 4175, 246, 0, 4.01429e+06, 37.9879
24491, 3367, 0, 4166, 250, 0, 4.01429e+06, 37.4957
24557, 3357, 1, 4156, 237, 2, 4.01429e+06, 37.6702
24628, 3351, 0, 4144, 242, 0, 4.01429e+06, 37.1506
24700, 3335, 1, 4134, 254, 1, 4.01429e+06, 36.6095
24769, 3324, 3, 4127, 253, 3, 4.01429e+06, 36.5499
24840, 3332, 1, 4119, 262, 1, 4.01429e+06, 37.3674
24912, 3331, 1, 4115, 250, 1, 4.01429e+06, 37.1012
24985, 3328, 1, 4111, 258, 1, 4.01429e+06, 36.5058
25052, 3317, 2, 4101, 257, 3, 4.01429e+06, 36.112
25128, 3319, 1, 4087, 271, 1, 4.01429e+06, 37.0276
25194, 3306, 1, 4076, 258, 1, 4.01429e+06, 36.6675
25265, 3303, 1, 4067, 265, 1, 4.01429e+06, 37.1609
25340, 3286, 2, 4058, 268, 3, 4.01429e+06, 36.3938
25382, 3288, 2, 4052, 265, 3, 4.01429e+06, 36.4013
25411, 3277, 1, 4048, 253, 1, 4.01429e+06, 35.8764
25493, 3271, 2, 4037, 243, 3, 4.0143e+06, 35.2532
25561, 3261, 1, 4023, 261, 1, 4.0143e+06, 35.4202
25631, 3256, 2, 4011, 259, 3, 4.0143e+06, 35.3027
25704, 3248, 2, 4004, 253, 3, 4.0143e+06, 35.3762
25780, 3245, 2, 3997, 252, 2, 4.0143e+06, 35.4617
25855, 3230, 1, 3979, 268, 1, 4.0143e+06, 34.9989
25922, 3229, 1, 3977, 262, 1, 4.0143e+06, 34.5808
25991, 3225, 1, 3968, 263, 1, 4.0143e+06, 34.5204
26064, 3215, 3, 3958, 248, 5, 4.0143e+06, 34.3717
26140, 3215, 1, 3954, 249, 1, 4.0143e+06, 34.459
26216, 3215, 1, 3951, 240, 1, 4.0143e+06, 34.4912
26287, 3207, 1, 3934, 249, 1, 4.0143e+06, 34.5015
26359, 3200, 2, 3918, 262, 3, 4.0143e+06, 34.6596
26381, 3194, 1, 3912, 272, 1, 4.0143e+06, 34.392
26428, 3188, 1, 3901, 272, 1, 4.0143e+06, 34.1402
26492, 3188, 1, 3896, 267, 1, 4.0143e+06, 34.2106
26568, 3179, 1, 3884, 264, 1, 4.0143e+06, 34.1474
26634, 3160, 2, 3876, 267, 4, 4.0143e+06, 33.5086
26710, 3166, 0, 3873, 265, 0, 4.0143e+06, 34.0468
26783, 3163, 0, 3866, 262, 0, 4.0143e+06, 34.2011
26858, 3159, 0, 3856, 269, 0, 4.0143e+06, 34.5452
26935, 3156, 0, 3846, 288, 0, 4.0143e+06, 35.0991
27003, 3147, 2, 3838, 301, 4, 4.0143e+06, 34.8651
27088, 3146, 0, 3825, 289, 0, 4.0143e+06, 35.4214
27162, 3139, 1, 3819, 292, 2, 4.0143e+06, 35.462
27233, 3143, 0, 3810, 288, 0, 4.01429e+06, 35.7686
27310, 3136, 1, 3806, 282, 2, 4.01429e+06, 35.7811
27383, 3131, 1, 3791, 287, 1, 4.01429e+06, 36.1824
27458, 3113, 0, 3781, 272, 0, 4.01429e+06, 35.6875
27528, 3090, 2, 3774, 260, 4, 4.0143e+06, 35.0928
27604, 3083, 0, 3772, 248, 0, 4.0143e+06, 34.9619
27685, 3069, 2, 3757, 250, 3, 4.0143e+06, 34.5971
27759, 3073, 1, 3753, 248, 2, 4.0143e+06, 34.9706
27835, 3060, 0, 3744, 240, 0, 4.0143e+06, 35.1718
27906, 3057, 1, 3736, 242, 1, 4.0143e+06, 35.1292
27988, 3043, 0, 3723, 236, 0, 4.0143e+06, 34.9686
28059, 3036, 1, 3714, 234, 2, 4.0143e+06, 34.4219
28128, 3027, 0, 3707, 242, 0, 4.0143e+06, 34.4763
28204, 3016, 0, 3696, 263, 0, 4.0143e+06, 34.5582
28276, 3014, 1, 3689, 276, 1, 4.0143e+06, 34.419
28355, 3011, 1, 3685, 271, 1, 4.0143e+06, 34.6271
28382, 3003, 1, 3679, 262, 2, 4.0143e+06, 34.3825
28428, 2990, 1, 3673, 273, 2, 4.0143e+06, 34.3423
28508, 2970, 0, 3663, 274, 0, 4.0143e+06, 33.9107
28591, 2964, 0, 3658, 253, 0, 4.0143e+06, 34.0479
28664, 2939, 1, 3641, 253, 2, 4.0143e+06, 33.4489
28749, 2937, 0, 3637, 252, 0, 4.0143e+06, 33.5697
28819, 2927, 0, 3629, 249, 0, 4.0143e+06, 32.9776
28897, 2924, 0, 3621, 256, 0, 4.0143e+06, 33.265
28977, 2927, 0, 3614, 253, 0, 4.0143e+06, 33.6177
29052, 2919, 0, 3600, 251, 0, 4.0143e+06, 33.0217
29132, 2923, 1, 3597, 248, 2, 4.0143e+06, 33.2889
29208, 2917, 0, 3588, 243, 0, 4.0143e+06, 32.81
29287, 2919, 0, 3580, 253, 0, 4.0143e+06, 33.4496
29373, 2906, 0, 3566, 254, 0, 4.0143e+06, 33.2801
29381, 2908, 2, 3569, 252, 4, 4.0143e+06, 33.3243
29444, 2899, 0, 3563, 251, 0, 4.0143e+06, 32.8778
29521, 2896, 0, 3556, 255, 0, 4.0143e+06, 32.8821
29597, 2894, 2, 3546, 250, 3, 4.0143e+06, 32.7412
29682, 2889, 0, 3538, 264, 0, 4.0143e+06, 32.9869
29756, 2878, 0, 3529, 272, 0, 4.0143e+06, 33.0635
29830, 2865, 0, 3516, 272, 0, 4.0143e+06, 33.0591
29905, 2853, 0, 3508, 270, 0, 4.0143e+06, 33.1991
29981, 2847, 0, 3509, 248, 0, 4.0143e+06, 32.8714
30063, 2843, 0, 3501, 240, 0, 4.0143e+06, 32.6147
30140, 2838, 0, 3491, 223, 0, 4.0143e+06, 32.2505
30220, 2832, 0, 3482, 223, 0, 4.0143e+06, 32.4963
30303, 2834, 1, 3476, 219, 1, 4.0143e+06, 33.1467
30375, 2822, 2, 3464, 223, 2, 4.0143e+06, 32.7204
30383, 2821, 1, 3464, 224, 1, 4.0143e+06, 32.7123
30456, 2814, 1, 3455, 240, 1, 4.0143e+06, 32.9735
30532, 2807, 1, 3454, 239, 1, 4.0143e+06, 32.9616
30601, 2805, 1, 3445, 241, 1, 4.0143e+06, 32.8061
30678, 2812, 1, 3443, 232, 1, 4.0143e+06, 33.2764
30755, 2811, 1, 3438, 238, 1, 4.0143e+06, 33.6573
30832, 2793, 1, 3425, 229, 1, 4.0143e+06, 32.5225
30909, 2790, 1, 3422, 237, 1, 4.0143e+06, 32.3338
30986, 2777, 2, 3415, 237, 3, 4.0143e+06, 31.8288
31068, 2773, 3, 3410, 249, 4, 4.0143e+06, 32.2897
31137, 2761, 2, 3401, 279, 2, 4.0143e+06, 31.9845
31211, 2753, 3, 3398, 286, 3, 4.0143e+06, 31.598
31287, 2755, 2, 3392, 283, 2, 4.0143e+06, 32.0132
31369, 2756, 4, 3387, 281, 6, 4.0143e+06, 32.1083
31382, 2754, 4, 3384, 287, 5, 4.0143e+06, 32.2646
31446, 2755, 2, 3383, 270, 2, 4.0143e+06, 32.4229
31515, 2743, 2, 3377, 267, 2, 4.0143e+06, 31.7464
31590, 2726, 2, 3368, 266, 2, 4.0143e+06, 31.6551
31670, 2716, 4, 3360, 267, 5, 4.0143e+06, 31.2224
31742, 2709, 3, 3353, 266, 3, 4.0143e+06, 31.0187
31825, 2693, 3, 3347, 251, 3, 4.0143e+06, 31.1403
31894, 2689, 3, 3344, 246, 3, 4.0143e+06, 31.0657
31970, 2677, 3, 3331, 267, 4, 4.0143e+06, 31.1433
32046, 2677, 2, 3332, 266, 2, 4.0143e+06, 31.108
32122, 2668, 2, 3328, 263, 2, 4.0143e+06, 31.1922
32204, 2658, 2, 3321, 251, 2, 4.0143e+06, 30.9486
32277, 2649, 2, 3317, 245, 2, 4.0143e+06, 30.6365
32355, 2649, 2, 3315, 246, 2, 4.0143e+06, 31.1573
32383, 2652, 2, 3311, 248, 2, 4.0143e+06, 31.0677
32433, 2660, 2, 3306, 241, 2, 4.0143e+06, 31.2352
32514, 2675, 1, 3302, 241, 1, 4.0143e+06, 31.5481
32596, 2672, 1, 3290, 241, 1, 4.0143e+06, 31.5696
32673, 2670, 1, 3282, 236, 1, 4.0143e+06, 31.9277
32756, 2665, 1, 3272, 249, 1, 4.0143e+06, 32.104
32829, 2664, 1, 3270, 261, 1, 4.0143e+06, 32.2229
32905, 2655, 4, 3260, 270, 5, 4.0143e+06, 31.7505
32982, 2650, 2, 3258, 254, 2, 4.0143e+06, 31.4629
33062, 2642, 3, 3248, 258, 3, 4.0143e+06, 31.346
33141, 2640, 3, 3242, 254, 3, 4.0143e+06, 31.5507
33214, 2630, 3, 3233, 248, 3, 4.0143e+06, 31.4161
33296, 2634, 3, 3230, 233, 3, 4.0143e+06, 31.4353
33373, 2627, 3, 3224, 234, 4, 4.0143e+06, 31.3319
33381, 2624, 2, 3219, 237, 2, 4.0143e+06, 31.2884
33447, 2625, 2, 3218, 227, 2, 4.0143e+06, 31.3921
33528, 2609, 2, 3204, 236, 2, 4.0143e+06, 31.5043
33603, 2600, 2, 3195, 235, 2, 4.0143e+06, 30.9488
33687, 2601, 3, 3188, 246, 3, 4.0143e+06, 31.3697
33759, 2601, 2, 3179, 266, 2, 4.0143e+06, 31.8125
33839, 2589, 4, 3171, 261, 6, 4.0143e+06, 31.7343
33920, 2578, 2, 3166, 265, 2, 4.0143e+06, 31.4265
33992, 2572, 2, 3157, 270, 2, 4.0143e+06, 31.0878
34067, 2565, 2, 3154, 245, 2, 4.0143e+06, 31.0991
34147, 2546, 2, 3140, 253, 2, 4.0143e+06, 30.8271
34225, 2539, 2, 3134, 244, 2, 4.0143e+06, 30.3023
34305, 2525, 3, 3125, 230, 4, 4.0143e+06, 29.5098
34379, 2520, 2, 3115, 243, 2, 4.0143e+06, 29.1308
34381, 2522, 2, 3115, 244, 2, 4.0143e+06, 29.2067
34462, 2523, 3, 3107, 251, 4, 4.0143e+06, 29.4648
34541, 2523, 3, 3106, 252, 4, 4.0143e+06, 29.582
34617, 2519, 2, 3100, 249, 2, 4.0143e+06, 29.4384
34699, 2522, 2, 3090, 256, 2, 4.0143e+06, 29.6406
34781, 2530, 3, 3085, 257, 4, 4.0143e+06, 29.9669
34861, 2524, 2, 3076, 248, 2, 4.0143e+06, 29.9967
34934, 2510, 2, 3064, 259, 2, 4.0143e+06, 29.9636
35017, 2504, 3, 3063, 246, 4, 4.0143e+06, 30.0672
35102, 2486, 2, 3055, 249, 2, 4.0143e+06, 29.4891
35176, 2490, 2, 3054, 269, 2, 4.0143e+06, 29.7176
35256, 2497, 2, 3051, 267, 2, 4.0143e+06, 29.3699
35334, 2485, 2, 3042, 266, 2, 4.0143e+06, 29.4219
35381, 2483, 3, 3041, 262, 4, 4.0143e+06, 29.2622
35414, 2481, 3, 3041, 257, 4, 4.0143e+06, 29.2244
35492, 2474, 2, 3037, 266, 2, 4.0143e+06, 28.7929
35574, 2467, 2, 3030, 260, 2, 4.0143e+06, 29.0302
35656, 2460, 3, 3027, 257, 3, 4.0143e+06, 28.8649
35729, 2458, 1, 3021, 273, 1, 4.0143e+06, 29.024
35808, 2455, 1, 3018, 264, 1, 4.0143e+06, 29.0495
35887, 2452, 3, 3005, 267, 5, 4.0143e+06, 28.6995
35966, 2445, 1, 3004, 259, 1, 4.0143e+06, 28.5349
36051, 2437, 1, 3000, 259, 1, 4.0143e+06, 28.9242
36127, 2428, 1, 2993, 250, 1, 4.0143e+06, 28.5155
36215, 2422, 2, 2988, 236, 3, 4.0143e+06, 28.2173
36293, 2403, 1, 2977, 248, 1, 4.0143e+06, 27.3756
36373, 2411, 1, 2972, 240, 1, 4.0143e+06, 27.5873
36383, 2411, 1, 2970, 245, 1, 4.0143e+06, 27.7387
36458, 2405, 1, 2968, 237, 1, 4.0143e+06, 27.5575
36535, 2404, 1, 2965, 223, 1, 4.0143e+06, 27.8685
36622, 2402, 1, 2961, 219, 1, 4.0143e+06, 27.6753
36701, 2401, 2, 2959, 234, 2, 4.0143e+06, 27.7136
36781, 2395, 1, 2949, 233, 1, 4.0143e+06, 27.4074
36868, 2395, 1, 2945, 227, 1, 4.0143e+06, 27.7999
36945, 2389, 1, 2943, 216, 1, 4.0143e+06, 27.7857
37032, 2379, 2, 2932, 234, 3, 4.0143e+06, 27.5978
37116, 2377, 1, 2931, 224, 1, 4.0143e+06, 27.3687
37202, 2371, 2, 2925, 217, 3, 4.0143e+06, 27.0257
37287, 2376, 1, 2923, 232, 1, 4.0143e+06, 27.4175
37372, 2377, 1, 2920, 234, 1, 4.0143e+06, 28.1941
37382, 2377, 1, 2920, 238, 1, 4.0143e+06, 28.2859
37457, 2363, 1, 2911, 245, 1, 4.0143e+06, 28.0528
37539, 2356, 1, 2910, 246, 1, 4.0143e+06, 28.0435
37623, 2348, 1, 2903, 246, 1, 4.0143e+06, 27.8415
37712, 2354, 1, 2900, 234, 1, 4.0143e+06, 28.0359
37799, 2357, 1, 2894, 241, 1, 4.0143e+06, 27.9109
37887, 2359, 1, 2890, 239, 1, 4.0143e+06, 27.4821
37967, 2356, 1, 2880, 244, 1, 4.0143e+06, 27.0321
38052, 2345, 1, 2873, 237, 1, 4.0143e+06, 26.6036
38139, 2345, 1, 2862, 232, 1, 4.0143e+06, 26.897
38218, 2349, 1, 2862, 224, 1, 4.0143e+06, 27.1024
38302, 2350, 1, 2855, 229, 1, 4.0143e+06, 27.4257
38383, 2346, 2, 2845, 235, 3, 4.0143e+06, 27.4914
38387, 2348, 1, 2848, 234, 1, 4.0143e+06, 27.7141
38473, 2340, 1, 2840, 239, 1, 4.0143e+06, 27.8669
38553, 2340, 1, 2833, 237, 1, 4.0143e+06, 27.7775
38632, 2340, 1, 2830, 238, 1, 4.0143e+06, 28.3242
38722, 2335, 1, 2821, 244, 1, 4.0143e+06, 28.4806
38803, 2325, 2, 2819, 233, 3, 4.0143e+06, 27.9378
38887, 2318, 1, 2809, 234, 1, 4.0143e+06, 28.0913
38971, 2315, 1, 2806, 234, 1, 4.0143e+06, 28.2162
39058, 2311, 1, 2798, 236, 1, 4.0143e+06, 28.2825
39143, 2298, 1, 2790, 234, 1, 4.0143e+06, 27.4364
39221, 2299, 1, 2793, 237, 1, 4.0143e+06, 27.6007
39309, 2297, 1, 2790, 238, 1, 4.0143e+06, 27.7825
39386, 2292, 1, 2786, 233, 1, 4.0143e+06, 27.197
39395, 2295, 1, 2788, 228, 1, 4.0143e+06, 27.2085
39485, 2281, 2, 2780, 220, 2, 4.0143e+06, 26.885
39582, 2277, 1, 2777, 226, 1, 4.0143e+06, 26.9535
39656, 2278, 1, 2775, 218, 1, 4.0143e+06, 26.8214
39742, 2283, 1, 2766, 239, 1, 4.0143e+06, 27.075
39826, 2281, 1, 2760, 247, 1, 4.0143e+06, 27.456
39920, 2271, 2, 2756, 255, 2, 4.0143e+06, 27.3608
40005, 2266, 1, 2755, 246, 1, 4.0143e+06, 26.8037
40086, 2259, 1, 2747, 245, 1, 4.0143e+06, 26.3804
40173, 2273, 1, 2742, 240, 1, 4.0143e+06, 26.6281
40266, 2259, 1, 2733, 237, 1, 4.0143e+06, 26.3365
40356, 2254, 2, 2730, 228, 3, 4.0143e+06, 26.7486
40381, 2256, 2, 2731, 227, 3, 4.0143e+06, 26.8708
40446, 2256, 1, 2726, 234, 1, 4.0143e+06, 26.8448
40528, 2260, 1, 2725, 231, 1, 4.0143e+06, 26.8406
40619, 2250, 2, 2717, 239, 2, 4.0143e+06, 27.0503
40704, 2253, 1, 2717, 242, 1, 4.0143e+06, 27.5634
40784, 2244, 2, 2710, 235, 3, 4.0143e+06, 27.5041
40876, 2240, 1, 2703, 241, 1, 4.0143e+06, 27.7123
40965, 2230, 1, 2697, 248, 1, 4.0143e+06, 27.4333
41060, 2239, 1, 2696, 249, 1, 4.0143e+06, 27.6675
41141, 2239, 1, 2689, 239, 1, 4.0143e+06, 27.6434
41229, 2234, 2, 2688, 242, 3, 4.0143e+06, 27.9755
41322, 2218, 1, 2684, 235, 1, 4.0143e+06, 27.4202
41387, 2213, 1, 2682, 241, 1, 4.0143e+06, 27.6837
41401, 2217, 1, 2683, 237, 1, 4.0143e+06, 27.7584
41494, 2207, 1, 2676, 235, 1, 4.0143e+06, 27.3321
41573, 2202, 1, 2672, 242, 1, 4.0143e+06, 27.4546
41666, 2196, 2, 2666, 243, 2, 4.0143e+06, 27.394
41756, 2189, 2, 2659, 250, 2, 4.0143e+06, 27.7373
41847, 2187, 2, 2656, 238, 2, 4.0143e+06, 27.8883
41939, 2190, 2, 2649, 233, 2, 4.0143e+06, 28.3947
42021, 2179, 2, 2645, 239, 2, 4.0143e+06, 28.4121
42109, 2165, 3, 2639, 232, 4, 4.0143e+06, 27.7511
42198, 2152, 2, 2638, 228, 2, 4.0143e+06, 26.9812
42292, 2141, 2, 2626, 231, 2, 4.0143e+06, 26.9661
42384, 2140, 2, 2616, 245, 2, 4.0143e+06, 26.652
42468, 2138, 2, 2616, 244, 2, 4.0143e+06, 26.8427
42571, 2126, 2, 2607, 253, 2, 4.0143e+06, 27.0334
42659, 2119, 3, 2600, 256, 3, 4.0143e+06, 26.5411
42744, 2115, 3, 2596, 257, 3, 4.0143e+06, 26.6377
42833, 2114, 3, 2591, 264, 3, 4.0143e+06, 26.4595
42920, 2112, 2, 2589, 251, 2, 4.0143e+06, 26.4178
43008, 2111, 2, 2585, 233, 2, 4.0143e+06, 26.4465
43095, 2111, 2, 2579, 224, 2, 4.0143e+06, 26.3015
43179, 2109, 2, 2580, 223, 2, 4.0143e+06, 26.3573
43269, 2093, 2, 2572, 234, 2, 4.0143e+06, 25.5356
43350, 2096, 2, 2569, 240, 2, 4.0143e+06, 25.5386
43382, 2094, 3, 2569, 238, 4, 4.0143e+06, 25.5443
43445, 2093, 2, 2566, 240, 2, 4.01431e+06, 25.4607
43533, 2087, 2, 2562, 233, 2, 4.0143e+06, 25.7967
43624, 2089, 2, 2558, 239, 2, 4.0143e+06, 25.9027
43712, 2083, 2, 2557, 235, 2, 4.0143e+06, 25.6125
43798, 2080, 3, 2548, 255, 4, 4.01431e+06, 25.3737
43887, 2077, 2, 2543, 270, 2, 4.01431e+06, 25.318
43973, 2088, 2, 2547, 262, 2, 4.0143e+06, 25.7353
44065, 2092, 2, 2540, 264, 2, 4.0143e+06, 26.0869
44159, 2082, 2, 2535, 260, 2, 4.01431e+06, 25.5005
44241, 2082, 2, 2533, 254, 2, 4.0143e+06, 25.6647
44332, 2083, 2, 2531, 255, 2, 4.0143e+06, 26.0507
44384, 2081, 2, 2530, 250, 2, 4.0143e+06, 25.9703
44417, 2087, 2, 2529, 247, 2, 4.0143e+06, 26.1613
44509, 2081, 2, 2525, 267, 2, 4.0143e+06, 25.9274
44596, 2069, 2, 2513, 267, 2, 4.0143e+06, 25.6074
44685, 2074, 2, 2507, 278, 2, 4.01431e+06, 25.5249
44778, 2075, 3, 2502, 271, 4, 4.01431e+06, 25.4155
44865, 2081, 2, 2496, 274, 2, 4.0143e+06, 25.5878
44958, 2078, 3, 2492, 283, 4, 4.0143e+06, 25.584
45048, 2068, 2, 2488, 278, 2, 4.01431e+06, 25.512
45135, 2061, 4, 2488, 268, 6, 4.01431e+06, 25.294
45232, 2059, 3, 2488, 269, 3, 4.01431e+06, 25.2511
45314, 2056, 3, 2489, 263, 3, 4.0143e+06, 25.5825
45383, 2054, 4, 2485, 263, 4, 4.0143e+06, 26.0567
45405, 2055, 3, 2479, 271, 3, 4.0143e+06, 26.3635
45494, 2053, 3, 2477, 274, 3, 4.0143e+06, 26.3115
45580, 2042, 3, 2470, 257, 3, 4.0143e+06, 26.4138
45675, 2041, 4, 2465, 245, 5, 4.0143e+06, 26.5284
45762, 2033, 3, 2462, 248, 4, 4.0143e+06, 26.515
45861, 2029, 2, 2455, 241, 2, 4.0143e+06, 26.374
45946, 2025, 2, 2450, 254, 2, 4.0143e+06, 26.2347
46032, 2017, 2, 2448, 238, 2, 4.0143e+06, 25.794
46130, 2025, 3, 2449, 237, 3, 4.0143e+06, 26.5257
46211, 2024, 4, 2443, 259, 5, 4.0143e+06, 26.4221
46301, 2008, 3, 2440, 256, 3, 4.0143e+06, 25.7504
46381, 1999, 3, 2433, 271, 3, 4.0143e+06, 25.5617
46386, 2001, 2, 2433, 274, 2, 4.0143e+06, 25.5685
46480, 1993, 1, 2425, 263, 1, 4.01431e+06, 25.357
46569, 1994, 1, 2420, 254, 1, 4.01431e+06, 25.1562
46654, 1994, 2, 2414, 254, 3, 4.01431e+06, 25.3828
46747, 1998, 1, 2407, 252, 1, 4.0143e+06, 25.8196
46842, 1984, 0, 2400, 244, 0, 4.0143e+06, 25.6378
46935, 1984, 1, 2400, 251, 1, 4.0143e+06, 25.8243
47025, 1980, 0, 2402, 262, 0, 4.0143e+06, 25.8818
47121, 1973, 1, 2398, 255, 3, 4.0143e+06, 25.6678
47214, 1969, 1, 2394, 291, 3, 4.0143e+06, 25.7032
47292, 1960, 2, 2389, 305, 5, 4.0143e+06, 25.7576
47375, 1957, 2, 2383, 314, 7, 4.0143e+06, 25.9023
47381, 1959, 1, 2384, 313, 6, 4.0143e+06, 25.9103
47462, 1956, 1, 2381, 326, 3, 4.0143e+06, 25.805
47547, 1949, 2, 2374, 359, 8, 4.0143e+06, 26.1202
47633, 1944, 1, 2375, 370, 6, 4.01431e+06, 25.6028
47711, 1931, 1, 2370, 366, 6, 4.01431e+06, 25.0023
47797, 1932, 1, 2371, 393, 6, 4.01431e+06, 24.9509
47878, 1928, 1, 2366, 417, 3, 4.01431e+06, 24.5286
47963, 1925, 2, 2359, 417, 8, 4.01431e+06, 24.4118
48051, 1925, 1, 2353, 422, 6, 4.01431e+06, 24.4794
48135, 1922, 1, 2349, 431, 6, 4.01431e+06, 24.8748
48220, 1908, 1, 2345, 442, 3, 4.01431e+06, 24.787
48301, 1911, 1, 2342, 448, 6, 4.01431e+06, 24.5991
48387, 1913, 1, 2339, 436, 6, 4.01431e+06, 24.7709
48388, 1912, 1, 2338, 435, 3, 4.01431e+06, 24.7404
48476, 1913, 1, 2335, 446, 3, 4.01431e+06, 25.319
48555, 1903, 1, 2333, 421, 6, 4.01431e+06, 25.1501
48642, 1890, 1, 2330, 407, 3, 4.01431e+06, 24.9487
48726, 1898, 1, 2329, 401, 3, 4.01431e+06, 24.7768
48808, 1886, 1, 2321, 405, 3, 4.01431e+06, 24.3624
48892, 1883, 1, 2314, 418, 3, 4.01431e+06, 24.578
48972, 1876, 1, 2309, 436, 3, 4.01431e+06, 24.0455
49068, 1873, 1, 2306, 432, 3, 4.01431e+06, 23.9923
49148, 1862, 1, 2302, 432, 3, 4.01431e+06, 24.0503
49233, 1853, 1, 2295, 429, 3, 4.01431e+06, 23.9165
49317, 1845, 2, 2290, 435, 5, 4.01431e+06, 23.7254
49384, 1846, 1, 2282, 449, 3, 4.01431e+06, 23.9623
49405, 1855, 1, 2283, 451, 3, 4.01431e+06, 24.3113
49489, 1857, 1, 2282, 437, 3, 4.01431e+06, 24.2977
49568, 1854, 1, 2276, 451, 3, 4.01431e+06, 24.0082
49657, 1852, 1, 2268, 448, 3, 4.01431e+06, 24.2893
49743, 1856, 2, 2265, 428, 4, 4.01431e+06, 24.2164
49825, 1842, 2, 2261, 429, 5, 4.01431e+06, 24.0538
49922, 1842, 1, 2254, 399, 3, 4.01431e+06, 23.7759
49999, 1834, 1, 2253, 383, 9, 4.01431e+06, 24.0048
50074, 1826, 2, 2245, 396, 10, 4.01431e+06, 23.6255
50153, 1835, 1, 2249, 388, 9, 4.01431e+06, 23.948
50234, 1836, 1, 2248, 404, 9, 4.01431e+06, 23.756
50321, 1830, 1, 2243, 414, 9, 4.01431e+06, 23.9128
50383, 1824, 1, 2240, 412, 9, 4.01431e+06, 23.7981
50392, 1821, 1, 2238, 416, 9, 4.01431e+06, 23.7279
50468, 1820, 2, 2236, 431, 11, 4.01431e+06, 23.4977
50549, 1815, 1, 2232, 432, 9, 4.01431e+06, 23.6274
50628, 1818, 1, 2233, 395, 6, 4.01431e+06, 23.4497
50710, 1811, 1, 2229, 353, 6, 4.01431e+06, 23.4456
50789, 1821, 1, 2230, 316, 6, 4.01431e+06, 23.8977
50880, 1819, 1, 2226, 295, 6, 4.01431e+06, 23.6813
50962, 1816, 1, 2222, 278, 6, 4.01431e+06, 23.328
51042, 1817, 1, 2220, 274, 6, 4.01431e+06, 23.0685
51128, 1812, 2, 2217, 253, 8, 4.01431e+06, 23.0544
51221, 1821, 0, 2217, 244, 0, 4.01431e+06, 23.8526
51316, 1816, 0, 2213, 236, 0, 4.01431e+06, 23.9468
51383, 1822, 0, 2210, 228, 0, 4.01431e+06, 24.2747
51405, 1819, 0, 2211, 225, 0, 4.01431e+06, 24.2226
51492, 1818, 0, 2209, 233, 0, 4.01431e+06, 24.2214
51588, 1813, 3, 2208, 214, 4, 4.01431e+06, 24.0233
51675, 1812, 1, 2206, 228, 1, 4.01431e+06, 23.9369
51777, 1815, 1, 2203, 237, 1, 4.01431e+06, 24.2576
51859, 1812, 1, 2199, 225, 1, 4.01431e+06, 24.0012
51948, 1810, 1, 2196, 230, 1, 4.01431e+06, 24.032
52043, 1810, 1, 2190, 235, 1, 4.01431e+06, 24.1793
52133, 1797, 1, 2185, 237, 1, 4.01431e+06, 23.875
52231, 1788, 2, 2179, 237, 3, 4.01431e+06, 23.7201
52316, 1775, 1, 2179, 235, 1, 4.01431e+06, 23.2759
52382, 1767, 1, 2172, 226, 1, 4.01431e+06, 23.1107
52413, 1767, 1, 2173, 234, 1, 4.01431e+06, 23.4172
52511, 1768, 2, 2171, 238, 3, 4.01431e+06, 23.6236
52608, 1753, 1, 2160, 234, 1, 4.01431e+06, 23.3942
52710, 1756, 1, 2162, 240, 1, 4.01431e+06, 23.4156
52799, 1761, 1, 2162, 247, 1, 4.01431e+06, 23.1662
52894, 1766, 1, 2159, 242, 1, 4.01431e+06, 23.68
52990, 1757, 1, 2154, 229, 1, 4.01431e+06, 23.707
53080, 1746, 1, 2145, 229, 1, 4.01431e+06, 23.4305
53178, 1743, 2, 2145, 220, 2, 4.01431e+06, 23.0913
53274, 1741, 2, 2140, 205, 3, 4.01431e+06, 22.8427
53365, 1744, 1, 2142, 198, 1, 4.01431e+06, 23.0723
53383, 1743, 1, 2138, 204, 1, 4.01431e+06, 23.1383
53457, 1736, 1, 2135, 222, 1, 4.01431e+06, 23.2107
53558, 1734, 1, 2136, 216, 1, 4.01431e+06, 22.9648
53654, 1729, 1, 2128, 227, 1, 4.01431e+06, 22.9425
53743, 1728, 1, 2127, 224, 1, 4.01431e+06, 22.7156
53840, 1720, 1, 2120, 230, 1, 4.01431e+06, 22.4536
53936, 1715, 1, 2115, 226, 1, 4.01431e+06, 22.2177
54035, 1728, 1, 2112, 229, 1, 4.01431e+06, 22.4075
54134, 1724, 1, 2107, 224, 1, 4.01431e+06, 22.4036
54222, 1709, 1, 2103, 214, 1, 4.01431e+06, 21.6565
54327, 1702, 2, 2101, 217, 3, 4.01431e+06, 21.3766
54382, 1701, 1, 2098, 208, 1, 4.01431e+06, 21.3858
54418, 1700, 1, 2097, 204, 1, 4.01431e+06, 21.2918
54512, 1694, 1, 2097, 207, 1, 4.01431e+06, 21.3063
54616, 1689, 1, 2095, 217, 1, 4.01431e+06, 21.289
54711, 1692, 1, 2090, 224, 1, 4.01431e+06, 21.9642
54811, 1688, 1, 2091, 230, 1, 4.01431e+06, 21.6575
54906, 1691, 2, 2088, 230, 3, 4.01431e+06, 21.8106
55015, 1688, 1, 2087, 227, 1, 4.01431e+06, 22.0893
55114, 1684, 2, 2081, 250, 3, 4.01431e+06, 22.2365
55208, 1682, 1, 2079, 233, 1, 4.01431e+06, 22.185
55304, 1683, 1, 2078, 227, 1, 4.01431e+06, 22.0883
55382, 1682, 1, 2071, 229, 1, 4.01431e+06, 22.1749
55400, 1683, 1, 2073, 228, 1, 4.01431e+06, 22.1497
55499, 1692, 1, 2070, 236, 1, 4.01431e+06, 22.4853
55594, 1687, 2, 2069, 231, 3, 4.01431e+06, 22.3104
55687, 1689, 1, 2067, 242, 1, 4.01431e+06, 21.8747
55791, 1683, 2, 2061, 249, 3, 4.01431e+06, 21.8522
55881, 1690, 1, 2060, 238, 1, 4.01431e+06, 22.2395
55978, 1694, 1, 2059, 243, 1, 4.01431e+06, 23.0203
56078, 1692, 1, 2058, 246, 1, 4.01431e+06, 23.0946
56179, 1686, 1, 2055, 234, 1, 4.01431e+06, 22.7368
56279, 1687, 1, 2055, 236, 1, 4.01431e+06, 22.7346
56377, 1690, 1, 2054, 242, 1, 4.01431e+06, 22.9916
56383, 1688, 1, 2054, 245, 1, 4.01431e+06, 22.9609
56474, 1691, 1, 2054, 235, 1, 4.01431e+06, 23.1478
56570, 1684, 1, 2048, 221, 1, 4.01431e+06, 22.7112
56664, 1681, 1, 2047, 227, 1, 4.01431e+06, 23.0532
56775, 1676, 1, 2043, 226, 1, 4.01431e+06, 22.8124
56863, 1674, 1, 2042, 215, 1, 4.01431e+06, 22.727
56961, 1670, 1, 2036, 221, 1, 4.01431e+06, 22.7405
57058, 1671, 0, 2029, 235, 0, 4.01431e+06, 23.0164
57167, 1674, 0, 2027, 254, 0, 4.01431e+06, 23.3437
57266, 1667, 1, 2026, 257, 2, 4.01431e+06, 22.7557
57362, 1648, 1, 2021, 247, 2, 4.01431e+06, 21.7513
57385, 1647, 1, 2021, 251, 1, 4.01431e+06, 21.7362
57460, 1644, 0, 2016, 250, 0, 4.01431e+06, 21.7816
57559, 1633, 0, 2014, 255, 0, 4.01431e+06, 21.2931
57657, 1627, 0, 2013, 227, 0, 4.01431e+06, 20.9337
57758, 1632, 0, 2008, 224, 0, 4.01431e+06, 21.2011
57848, 1635, 0, 2007, 221, 0, 4.01431e+06, 21.4463
57951, 1631, 1, 2005, 232, 2, 4.01431e+06, 21.1009
58046, 1633, 0, 2005, 224, 0, 4.01431e+06, 21.6455
58147, 1631, 1, 2002, 222, 2, 4.01431e+06, 21.4811
58254, 1626, 0, 2000, 214, 0, 4.01431e+06, 20.9331
58345, 1621, 1, 1995, 216, 2, 4.01431e+06, 21.177
58383, 1624, 0, 1995, 220, 0, 4.01431e+06, 21.606
58449, 1630, 0, 1997, 219, 0, 4.01431e+06, 21.9384
58543, 1631, 0, 1994, 216, 0, 4.01431e+06, 22.2195
58644, 1635, 0, 1993, 206, 0, 4.01431e+06, 22.3042
58741, 1632, 0, 1988, 208, 0, 4.01431e+06, 22.0867
58837, 1635, 0, 1987, 216, 0, 4.01431e+06, 22.5005
58943, 1630, 0, 1987, 215, 0, 4.01431e+06, 21.8591
59033, 1630, 0, 1988, 210, 0, 4.01431e+06, 21.7012
59133, 1641, 0, 1988, 215, 0, 4.01431e+06, 22.1195
59231, 1632, 0, 1985, 203, 0, 4.01431e+06, 21.522
59333, 1627, 0, 1982, 215, 0, 4.01431e+06, 21.5872
59382, 1627, 0, 1981, 211, 0, 4.01431e+06, 21.7669
59434, 1621, 0, 1978, 209, 0, 4.01431e+06, 21.5576
59526, 1632, 0, 1975, 218, 0, 4.01431e+06, 21.8948
59629, 1623, 0, 1972, 204, 0, 4.01431e+06, 21.5678
59737, 1619, 0, 1972, 206, 0, 4.01431e+06, 21.2908
59835, 1611, 0, 1965, 227, 0, 4.01431e+06, 21.0963
59939, 1612, 1, 1965, 213, 2, 4.01431e+06, 20.8009
60033, 1611, 0, 1963, 207, 0, 4.01431e+06, 20.8192
60145, 1611, 0, 1961, 205, 0, 4.01431e+06, 20.8257
60246, 1614, 0, 1958, 205, 0, 4.01431e+06, 20.7357
60346, 1608, 1, 1954, 218, 1, 4.01431e+06, 21.0015
60387, 1612, 1, 1956, 210, 2, 4.01431e+06, 21.0616
60454, 1613, 0, 1951, 214, 0, 4.01431e+06, 21.0636
60553, 1608, 0, 1951, 205, 0, 4.01431e+06, 21.2459
60658, 1609, 0, 1947, 222, 0, 4.01431e+06, 21.6286
60757, 1612, 0, 1946, 228, 0, 4.01431e+06, 21.8709
60865, 1620, 0, 1939, 236, 0, 4.01431e+06, 22.3347
60962, 1617, 0, 1935, 229, 0, 4.01431e+06, 22.093
61058, 1611, 0, 1932, 226, 0, 4.01431e+06, 22.0704
61168, 1620, 0, 1931, 214, 0, 4.01431e+06, 22.2118
61262, 1617, 0, 1930, 202, 0, 4.01431e+06, 22.107
61361, 1613, 0, 1928, 214, 0, 4.01431e+06, 22.2017
61383, 1611, 0, 1927, 209, 0, 4.01431e+06, 22.1795
61466, 1610, 0, 1927, 208, 0, 4.01431e+06, 22.1725
61564, 1613, 1, 1924, 217, 2, 4.01431e+06, 22.518
61669, 1608, 0, 1922, 223, 0, 4.01431e+06, 22.3347
61764, 1604, 0, 1919, 233, 0, 4.01431e+06, 22.1173
61872, 1598, 0, 1914, 239, 0, 4.01431e+06, 22.2261
61980, 1586, 0, 1912, 230, 0, 4.01431e+06, 22.045
62081, 1571, 0, 1908, 231, 0, 4.01431e+06, 21.7097
62184, 1571, 0, 1907, 227, 0, 4.01431e+06, 21.7556
62280, 1573, 0, 1905, 237, 0, 4.01431e+06, 22.1252
62384, 1566, 0, 1901, 228, 0, 4.01431e+06, 22.0757
62387, 1564, 0, 1900, 227, 0, 4.01431e+06, 21.9716
62484, 1562, 0, 1897, 227, 0, 4.01431e+06, 22.2034
62578, 1557, 0, 1895, 224, 0, 4.01431e+06, 21.8533
62686, 1558, 0, 1892, 228, 0, 4.01431e+06, 21.9629
62788, 1554, 1, 1889, 219, 2, 4.01431e+06, 21.7783
62887, 1547, 1, 1887, 214, 2, 4.01431e+06, 21.5428
62984, 1540, 1, 1886, 227, 2, 4.01431e+06, 21.5012
63077, 1534, 0, 1885, 221, 0, 4.01431e+06, 21.3128
63178, 1542, 0, 1884, 218, 0, 4.01431e+06, 21.5106
63271, 1537, 0, 1881, 220, 0, 4.01431e+06, 21.4708
63379, 1539, 0, 1878, 218, 0, 4.01431e+06, 21.5635
63383, 1540, 0, 1879, 218, 0, 4.01431e+06, 21.806
63480, 1540, 1, 1879, 212, 1, 4.01431e+06, 20.9801
63580, 1549, 1, 1879, 215, 2, 4.01431e+06, 21.1653
63686, 1543, 0, 1873, 223, 0, 4.01431e+06, 21.3009
63788, 1538, 0, 1866, 243, 0, 4.01431e+06, 21.0957
63888, 1539, 1, 1867, 242, 1, 4.01431e+06, 21.3497
63984, 1532, 0, 1863, 250, 0, 4.01431e+06, 21.2168
64087, 1530, 0, 1860, 248, 0, 4.01431e+06, 20.9691
64201, 1523, 0, 1856, 243, 0, 4.01431e+06, 21.2128
64296, 1516, 0, 1857, 231, 0, 4.01431e+06, 21.0206
64383, 1510, 0, 1852, 223, 0, 4.01431e+06, 21.1898
64405, 1511, 1, 1849, 230, 2, 4.01431e+06, 21.1802
64504, 1505, 0, 1847, 230, 0, 4.01431e+06, 20.9567
64618, 1506, 0, 1847, 222, 0, 4.01431e+06, 21.0862
64728, 1495, 0, 1840, 208, 0, 4.01431e+06, 20.9858
64828, 1485, 0, 1834, 202, 0, 4.01431e+06, 20.2537
64926, 1488, 1, 1832, 206, 2, 4.01431e+06, 19.6134
65027, 1491, 1, 1827, 217, 2, 4.01431e+06, 19.6665
65129, 1488, 0, 1826, 201, 0, 4.01431e+06, 19.2983
65235, 1487, 0, 1822, 211, 0, 4.01431e+06, 19.2349
65333, 1494, 1, 1820, 213, 2, 4.01431e+06, 19.4969
65385, 1486, 0, 1817, 215, 0, 4.01431e+06, 19.0167
65440, 1491, 0, 1819, 208, 0, 4.01431e+06, 19.3444
65541, 1492, 0, 1812, 216, 0, 4.01431e+06, 19.4418
65648, 1487, 0, 1812, 216, 0, 4.01431e+06, 19.5401
65752, 1481, 0, 1806, 226, 0, 4.01431e+06, 19.4323
65850, 1485, 0, 1809, 226, 0, 4.01431e+06, 19.3827
65958, 1485, 0, 1807, 230, 0, 4.01431e+06, 19.4953
66059, 1485, 0, 1806, 226, 0, 4.01431e+06, 19.3285
66169, 1491, 1, 1804, 233, 2, 4.01431e+06, 19.6608
66274, 1486, 0, 1800, 227, 0, 4.01431e+06, 19.6432
66383, 1483, 0, 1798, 225, 0, 4.01431e+06, 19.7272
66488, 1481, 0, 1794, 212, 0, 4.01431e+06, 19.8335
66590, 1477, 1, 1792, 205, 2, 4.01431e+06, 19.5417
66696, 1474, 0, 1790, 214, 0, 4.01431e+06, 19.6217
66801, 1475, 0, 1785, 214, 0, 4.01431e+06, 19.5356
66911, 1467, 0, 1785, 214, 0, 4.01431e+06, 19.2023
67018, 1476, 0, 1782, 218, 0, 4.01431e+06, 19.3803
67117, 1486, 0, 1779, 233, 0, 4.01431e+06, 19.9605
67229, 1486, 0, 1782, 234, 0, 4.01431e+06, 19.9324
67328, 1481, 0, 1779, 231, 0, 4.01431e+06, 19.614
67381, 1488, 2, 1779, 240, 4, 4.01431e+06, 19.5557
67433, 1482, 0, 1779, 235, 0, 4.01431e+06, 19.0573
67543, 1479, 0, 1777, 233, 0, 4.01431e+06, 19.244
67644, 1475, 0, 1777, 222, 0, 4.01431e+06, 19.1714
67754, 1479, 0, 1774, 219, 0, 4.01431e+06, 19.3785
67855, 1472, 0, 1773, 218, 0, 4.01431e+06, 19.4408
67958, 1468, 0, 1765, 225, 0, 4.01431e+06, 19.6218
68073, 1463, 0, 1761, 229, 0, 4.01431e+06, 19.805
68167, 1466, 0, 1756, 232, 0, 4.01431e+06, 19.8536
68274, 1464, 0, 1756, 220, 0, 4.01431e+06, 19.6415
68377, 1472, 0, 1756, 202, 0, 4.01431e+06, 20.0069
68382, 1472, 0, 1756, 202, 0, 4.01431e+06, 20.0424
68489, 1467, 0, 1755, 201, 0, 4.01431e+06, 20.3634
68597, 1472, 0, 1752, 206, 0, 4.01431e+06, 20.5512
68698, 1463, 0, 1748, 206, 0, 4.01431e+06, 20.5482
68810, 1461, 0, 1748, 199, 0, 4.01431e+06, 20.352
68908, 1458, 0, 1744, 191, 0, 4.01431e+06, 20.357
69012, 1456, 0, 1741, 205, 0, 4.01431e+06, 20.2585
69117, 1454, 1, 1740, 209, 2, 4.01431e+06, 20.3127
69225, 1448, 0, 1734, 215, 0, 4.01431e+06, 20.3296
69326, 1442, 0, 1735, 211, 0, 4.01431e+06, 20.0253
69381, 1443, 0, 1735, 211, 0, 4.01431e+06, 19.932
69419, 1443, 0, 1733, 207, 0, 4.01431e+06, 19.9157
69526, 1439, 0, 1728, 215, 0, 4.01431e+06, 19.961
69627, 1436, 0, 1724, 222, 0, 4.01431e+06, 20.0114
69735, 1433, 0, 1721, 227, 0, 4.01431e+06, 20.1046
69843, 1435, 0, 1715, 232, 0, 4.01431e+06, 20.2081
69937, 1430, 0, 1713, 222, 0, 4.01431e+06, 20.0724
70054, 1432, 0, 1710, 217, 0, 4.01431e+06, 20.5526
70152, 1422, 0, 1703, 214, 0, 4.01431e+06, 20.1449
70250, 1420, 0, 1708, 196, 0, 4.01431e+06, 20.0483
70350, 1420, 0, 1706, 199, 0, 4.01431e+06, 19.8149
70384, 1422, 0, 1705, 202, 0, 4.01431e+06, 20.0221
70457, 1423, 1, 1704, 208, 1, 4.01431e+06, 20.258
70563, 1421, 0, 1701, 211, 0, 4.01431e+06, 20.1409
70669, 1417, 1, 1701, 203, 1, 4.01431e+06, 20.2819
70778, 1413, 0, 1696, 219, 0, 4.01431e+06, 20.5761
70889, 1400, 1, 1692, 221, 2, 4.01431e+06, 20.2316
70994, 1408, 0, 1692, 228, 0, 4.01431e+06, 20.4099
71108, 1403, 1, 1693, 213, 2, 4.01431e+06, 20.2106
71209, 1402, 0, 1693, 218, 0, 4.01431e+06, 20.0404
71312, 1407, 0, 1691, 223, 0, 4.01431e+06, 20.1527
71384, 1398, 0, 1689, 228, 0, 4.01431e+06, 19.8499
71417, 1407, 0, 1690, 234, 0, 4.01431e+06, 19.9516
71521, 1407, 0, 1690, 230, 0, 4.01431e+06, 20.1593
71623, 1407, 0, 1688, 221, 0, 4.01431e+06, 20.4642
71720, 1400, 3, 1689, 217, 5, 4.01431e+06, 19.6325
71829, 1403, 1, 1681, 230, 1, 4.01431e+06, 19.4365
71939, 1406, 1, 1685, 225, 1, 4.01431e+06, 19.7612
72038, 1397, 1, 1678, 215, 1, 4.01431e+06, 19.4234
72141, 1399, 2, 1676, 216, 3, 4.01431e+06, 19.6194
72233, 1388, 1, 1672, 202, 1, 4.01431e+06, 19.1428
72342, 1385, 1, 1670, 204, 1, 4.01431e+06, 19.7061
72385, 1385, 1, 1669, 198, 1, 4.01431e+06, 19.7091
72450, 1387, 1, 1668, 195, 1, 4.01431e+06, 19.6489
72562, 1392, 1, 1665, 198, 1, 4.01431e+06, 20.1686
72665, 1392, 1, 1660, 196, 1, 4.01431e+06, 20.3536
72767, 1388, 2, 1661, 197, 2, 4.01431e+06, 20.4087
72874, 1382, 0, 1659, 190, 0, 4.01431e+06, 20.0565
72975, 1385, 0, 1657, 183, 0, 4.01431e+06, 19.8982
73084, 1388, 0, 1654, 189, 0, 4.01431e+06, 20.1233
73193, 1380, 1, 1652, 183, 2, 4.01431e+06, 19.3881
73295, 1379, 0, 1652, 182, 0, 4.01431e+06, 19.6164
73384, 1374, 0, 1647, 190, 0, 4.01431e+06, 19.7453
73410, 1373, 0, 1648, 188, 0, 4.01431e+06, 19.5132
73508, 1367, 0, 1644, 190, 0, 4.01431e+06, 19.246
73614, 1362, 0, 1640, 205, 0, 4.01431e+06, 19.1206
73724, 1359, 0, 1636, 217, 0, 4.01431e+06, 19.2413
73833, 1359, 1, 1639, 212, 1, 4.01431e+06, 19.6888
73944, 1360, 0, 1638, 215, 0, 4.01431e+06, 19.7836
74051, 1357, 0, 1636, 213, 0, 4.01431e+06, 19.4778
74155, 1363, 0, 1635, 200, 0, 4.01431e+06, 19.4572
74262, 1351, 0, 1629, 195, 0, 4.01431e+06, 19.6133
74365, 1352, 0, 1631, 193, 0, 4.01431e+06, 20.0368
74384, 1346, 0, 1627, 195, 0, 4.01431e+06, 20.025
74469, 1339, 0, 1628, 187, 0, 4.01431e+06, 19.7048
74575, 1336, 1, 1624, 185, 1, 4.01431e+06, 19.5606
74685, 1331, 1, 1624, 186, 2, 4.01431e+06, 19.1884
74788, 1327, 0, 1620, 198, 0, 4.01431e+06, 19.0198
74889, 1331, 1, 1618, 203, 2, 4.01431e+06, 19.3563
74995, 1322, 0, 1614, 198, 0, 4.01431e+06, 19.2719
75101, 1325, 0, 1615, 203, 0, 4.01431e+06, 19.4251
75207, 1321, 2, 1612, 212, 4, 4.01431e+06, 18.8467
75317, 1318, 1, 1610, 207, 1, 4.01431e+06, 18.8159
75385, 1314, 1, 1610, 214, 2, 4.01431e+06, 18.6606
75424, 1314, 0, 1608, 223, 0, 4.01431e+06, 18.7586
75537, 1310, 0, 1606, 218, 0, 4.01431e+06, 18.8243
75646, 1311, 0, 1598, 220, 0, 4.01431e+06, 18.8475
75754, 1322, 0, 1598, 211, 0, 4.01431e+06, 18.8838
75864, 1330, 0, 1597, 214, 0, 4.01431e+06, 19.1687
75977, 1323, 0, 1592, 212, 0, 4.01431e+06, 19.0055
76090, 1336, 0, 1595, 207, 0, 4.01431e+06, 18.9425
76202, 1333, 0, 1595, 210, 0, 4.01431e+06, 18.9173
76310, 1334, 1, 1591, 220, 1, 4.01431e+06, 18.8375
76382, 1330, 1, 1590, 212, 1, 4.01431e+06, 18.8432
76419, 1327, 1, 1589, 212, 1, 4.01431e+06, 18.947
76530, 1324, 1, 1584, 225, 1, 4.01431e+06, 18.9416
76654, 1327, 1, 1578, 217, 1, 4.01431e+06, 19.5004
76757, 1323, 0, 1572, 228, 0, 4.01431e+06, 19.69
76866, 1322, 0, 1568, 231, 0, 4.01431e+06, 19.8944
76972, 1317, 0, 1560, 239, 0, 4.01431e+06, 19.9364
77085, 1309, 0, 1563, 236, 0, 4.01431e+06, 19.7265
77194, 1304, 1, 1562, 227, 2, 4.01431e+06, 19.6089
77298, 1297, 0, 1559, 234, 0, 4.01431e+06, 19.335
77382, 1292, 0, 1558, 234, 0, 4.01431e+06, 18.9783
77402, 1292, 0, 1559, 232, 0, 4.01431e+06, 18.9018
77506, 1291, 0, 1561, 221, 0, 4.01431e+06, 18.9362
77612, 1292, 0, 1561, 203, 0, 4.01431e+06, 18.8283
77725, 1286, 0, 1556, 209, 0, 4.01431e+06, 18.4731
77828, 1284, 0, 1555, 214, 0, 4.01431e+06, 18.5247
77936, 1283, 0, 1552, 216, 0, 4.01431e+06, 18.5992
78039, 1280, 0, 1552, 210, 0, 4.01431e+06, 18.3939
78147, 1277, 0, 1550, 212, 0, 4.01431e+06, 18.429
78260, 1273, 0, 1547, 207, 0, 4.01431e+06, 18.1464
78364, 1269, 1, 1541, 207, 2, 4.01431e+06, 18.2463
78388, 1269, 0, 1540, 211, 0, 4.01431e+06, 18.1113
78480, 1256, 0, 1539, 216, 0, 4.01431e+06, 17.8578
78591, 1265, 0, 1539, 209, 0, 4.01431e+06, 18.1516
78701, 1254, 0, 1537, 217, 0, 4.01431e+06, 17.8748
78811, 1250, 0, 1536, 214, 0, 4.01431e+06, 18.0133
78927, 1251, 0, 1535, 210, 0, 4.01431e+06, 18.6116
79046, 1251, 0, 1529, 206, 0, 4.01431e+06, 18.6956
79149, 1255, 1, 1526, 217, 1, 4.01431e+06, 18.9046
79259, 1255, 0, 1525, 213, 0, 4.01431e+06, 19.186
79365, 1252, 1, 1524, 205, 1, 4.01431e+06, 19.177
79383, 1250, 1, 1521, 209, 2, 4.01431e+06, 19.0783
79478, 1255, 0, 1522, 211, 0, 4.01431e+06, 19.4705
79589, 1253, 0, 1521, 206, 0, 4.01431e+06, 19.2877
79694, 1249, 1, 1517, 211, 2, 4.01431e+06, 19.0284
79803, 1254, 0, 1519, 214, 0, 4.01431e+06, 19.4163
79910, 1254, 1, 1516, 208, 2, 4.01431e+06, 19.6863
80022, 1253, 0, 1516, 211, 0, 4.01431e+06, 19.568
80127, 1253, 0, 1515, 204, 0, 4.01431e+06, 19.5903
80233, 1258, 0, 1515, 211, 0, 4.01431e+06, 19.8389
80344, 1254, 0, 1515, 199, 0, 4.01431e+06, 19.3995
80386, 1252, 0, 1513, 204, 0, 4.01431e+06, 19.2503
80454, 1249, 0, 1509, 194, 0, 4.01431e+06, 19.0832
80574, 1248, 0, 1510, 188, 0, 4.01431e+06, 18.7088
80682, 1250, 0, 1511, 182, 0, 4.01431e+06, 18.8518
80787, 1250, 0, 1510, 188, 0, 4.01431e+06, 18.6486
80902, 1254, 0, 1503, 206, 0, 4.01431e+06, 18.2666
81015, 1255, 0, 1502, 209, 0, 4.01431e+06, 18.5548
81130, 1254, 0, 1499, 207, 0, 4.01431e+06, 18.9239
81244, 1253, 0, 1498, 200, 0, 4.01431e+06, 18.6034
81352, 1255, 0, 1497, 215, 0, 4.01431e+06, 18.4383
81384, 1256, 0, 1495, 219, 0, 4.01431e+06, 18.3762
81471, 1248, 0, 1494, 209, 0, 4.01431e+06, 18.5618
81575, 1239, 0, 1490, 206, 0, 4.01431e+06, 18.4568
81692, 1237, 0, 1489, 219, 0, 4.01431e+06, 18.6796
81811, 1235, 1, 1485, 224, 1, 4.01431e+06, 18.6522
81928, 1235, 0, 1483, 229, 0, 4.01431e+06, 18.9394
82038, 1237, 0, 1483, 227, 0, 4.01431e+06, 19.5084
82139, 1227, 0, 1482, 222, 0, 4.01431e+06, 18.8012
82249, 1226, 1, 1480, 228, 2, 4.01431e+06, 18.755
82364, 1224, 0, 1478, 222, 0, 4.01431e+06, 18.5406
82383, 1224, 0, 1480, 220, 0, 4.01431e+06, 18.6013
82470, 1224, 0, 1478, 205, 0, 4.01431e+06, 18.6281
82580, 1227, 0, 1476, 229, 0, 4.01431e+06, 19.1747
82687, 1222, 0, 1477, 228, 0, 4.01431e+06, 19.0794
82804, 1225, 0, 1473, 233, 0, 4.01431e+06, 18.8062
82914, 1220, 0, 1475, 233, 0, 4.01431e+06, 18.4819
83028, 1216, 0, 1472, 232, 0, 4.01431e+06, 18.2606
83148, 1207, 0, 1472, 224, 0, 4.01431e+06, 18.0335
83253, 1210, 0, 1471, 224, 0, 4.01431e+06, 18.2096
83367, 1203, 0, 1470, 218, 0, 4.01431e+06, 17.6242
83382, 1204, 0, 1471, 219, 0, 4.01431e+06, 17.7714
83478, 1197, 0, 1469, 212, 0, 4.01432e+06, 17.4593
83589, 1197, 1, 1466, 206, 2, 4.01432e+06, 17.5014
83701, 1204, 0, 1465, 209, 0, 4.01431e+06, 17.7806
83809, 1200, 0, 1462, 197, 0, 4.01432e+06, 17.5541
83934, 1207, 0, 1459, 193, 0, 4.01431e+06, 17.7189
84043, 1205, 0, 1460, 184, 0, 4.01431e+06, 17.6451
84152, 1201, 1, 1457, 197, 2, 4.01432e+06, 17.4272
84270, 1204, 0, 1459, 189, 0, 4.01431e+06, 17.8783
84378, 1206, 0, 1460, 197, 0, 4.01431e+06, 17.8828
84384, 1204, 0, 1459, 196, 0, 4.01431e+06, 17.7906
84503, 1198, 0, 1456, 203, 0, 4.01431e+06, 17.6038
84608, 1197, 1, 1454, 196, 1, 4.01432e+06, 17.5345
84716, 1196, 1, 1449, 192, 1, 4.01432e+06, 17.5042
84832, 1193, 1, 1444, 209, 1, 4.01432e+06, 16.912
84941, 1197, 1, 1439, 207, 1, 4.01432e+06, 17.0209
85060, 1193, 1, 1435, 205, 1, 4.01432e+06, 16.7195
85157, 1196, 0, 1436, 204, 0, 4.01432e+06, 16.7065
85269, 1200, 0, 1436, 211, 0, 4.01432e+06, 17.1406
85377, 1195, 1, 1432, 225, 2, 4.01432e+06, 16.98
85382, 1196, 0, 1432, 225, 0, 4.01432e+06, 17.0702
85484, 1192, 1, 1427, 236, 2, 4.01432e+06, 17.1219
85599, 1200, 0, 1423, 223, 0, 4.01432e+06, 17.335
85712, 1197, 0, 1425, 217, 0, 4.01432e+06, 17.3877
85824, 1196, 0, 1422, 210, 0, 4.01432e+06, 17.4899
85932, 1194, 0, 1418, 218, 0, 4.01431e+06, 17.6125
86044, 1188, 0, 1417, 212, 0, 4.01432e+06, 17.4806
86156, 1190, 0, 1418, 209, 0, 4.01431e+06, 17.7403
86261, 1182, 1, 1415, 224, 2, 4.01432e+06, 17.4831
86376, 1185, 0, 1417, 207, 0, 4.01432e+06, 17.504
86382, 1186, 0, 1418, 205, 0, 4.01432e+06, 17.5629
86488, 1190, 0, 1416, 222, 0, 4.01431e+06, 17.885
86595, 1187, 0, 1413, 214, 0, 4.01432e+06, 17.5851
86716, 1185, 0, 1415, 217, 0, 4.01432e+06, 17.572
86819, 1191, 0, 1413, 226, 0, 4.01431e+06, 17.9796
86937, 1184, 1, 1415, 217, 2, 4.01431e+06, 17.9517
87051, 1187, 0, 1414, 214, 0, 4.01431e+06, 17.9449
87152, 1180, 0, 1413, 220, 0, 4.01431e+06, 17.6842
87279, 1182, 0, 1413, 208, 0, 4.01431e+06, 17.8123
87385, 1177, 0, 1410, 198, 0, 4.01432e+06, 17.4343
87497, 1169, 0, 1409, 212, 0, 4.01432e+06, 17.2959
87602, 1176, 0, 1410, 204, 0, 4.01432e+06, 17.3727
87727, 1172, 0, 1405, 210, 0, 4.01432e+06, 17.2657
87842, 1164, 0, 1402, 216, 0, 4.01432e+06, 16.9411
87963, 1161, 0, 1395, 224, 0, 4.01432e+06, 16.5354
88084, 1166, 0, 1394, 217, 0, 4.01432e+06, 16.8507
88208, 1167, 0, 1392, 214, 0, 4.01432e+06, 16.8275
88333, 1172, 1, 1390, 207, 2, 4.01432e+06, 16.7217
88383, 1170, 0, 1387, 202, 0, 4.01432e+06, 16.6193
88452, 1169, 0, 1387, 208, 0, 4.01432e+06, 16.5325
88572, 1170, 0, 1387, 199, 0, 4.01432e+06, 16.5026
88693, 1165, 0, 1384, 189, 0, 4.01432e+06, 16.4687
88803, 1163, 0, 1383, 198, 0, 4.01432e+06, 16.733
88915, 1166, 1, 1384, 185, 2, 4.01432e+06, 16.8022
89033, 1157, 1, 1381, 182, 1, 4.01432e+06, 16.6804
89156, 1151, 0, 1380, 184, 0, 4.01432e+06, 16.2017
89272, 1153, 0, 1375, 197, 0, 4.01432e+06, 16.3899
89383, 1153, 0, 1375, 189, 0, 4.01432e+06, 16.6057
89396, 1151, 0, 1375, 189, 0, 4.01432e+06, 16.4866
89509, 1158, 0, 1371, 208, 0, 4.01432e+06, 17.1892
89627, 1154, 0, 1372, 216, 0, 4.01432e+06, 16.9157
89750, 1158, 0, 1368, 202, 0, 4.01432e+06, 16.7645
89877, 1152, 0, 1367, 198, 0, 4.01432e+06, 16.6612
89997, 1151, 0, 1367, 189, 0, 4.01432e+06, 16.7528
90111, 1148, 0, 1367, 198, 0, 4.01432e+06, 16.6018
90224, 1150, 0, 1367, 200, 0, 4.01432e+06, 16.7206
90352, 1145, 0, 1367, 192, 0, 4.01432e+06, 16.5541
90384, 1145, 0, 1365, 195, 0, 4.01432e+06, 16.5959
90469, 1149, 0, 1367, 195, 0, 4.01432e+06, 16.76
90587, 1146, 1, 1364, 179, 1, 4.01432e+06, 16.7064
90704, 1154, 0, 1364, 186, 0, 4.01432e+06, 17.0363
90819, 1147, 1, 1363, 192, 1, 4.01432e+06, 16.864
90939, 1139, 1, 1360, 198, 1, 4.01432e+06, 16.7577
91058, 1137, 1, 1360, 211, 1, 4.01432e+06, 16.8134
91180, 1135, 1, 1357, 207, 1, 4.01432e+06, 16.8519
91301, 1137, 1, 1357, 204, 1, 4.01432e+06, 16.5145
91383, 1142, 1, 1358, 202, 1, 4.01432e+06, 16.8575
91415, 1138, 1, 1355, 203, 1, 4.01432e+06, 16.5486
91532, 1139, 1, 1356, 188, 1, 4.01432e+06, 16.4013
91652, 1140, 2, 1351, 203, 3, 4.01432e+06, 16.892
91766, 1137, 1, 1347, 203, 1, 4.01432e+06, 16.8348
91886, 1140, 1, 1350, 194, 1, 4.01432e+06, 16.7411
92015, 1140, 1, 1347, 197, 1, 4.01432e+06, 17.2163
92130, 1130, 2, 1346, 193, 2, 4.01432e+06, 16.771
92244, 1129, 1, 1345, 208, 1, 4.01432e+06, 17.1774
92363, 1133, 1, 1345, 204, 1, 4.01432e+06, 17.3217
92385, 1132, 1, 1341, 209, 1, 4.01432e+06, 17.3461
92484, 1129, 2, 1343, 194, 3, 4.01432e+06, 16.7198
92596, 1125, 1, 1343, 191, 1, 4.01432e+06, 16.7772
92711, 1124, 2, 1342, 190, 3, 4.01432e+06, 17.0128
92832, 1118, 1, 1339, 206, 1, 4.01432e+06, 17.0468
92958, 1118, 1, 1339, 202, 1, 4.01432e+06, 17.0998
93072, 1116, 1, 1335, 205, 1, 4.01432e+06, 17.3424
93197, 1120, 1, 1338, 196, 1, 4.01432e+06, 17.438
93310, 1127, 1, 1336, 204, 1, 4.01431e+06, 17.6461
93384, 1132, 1, 1339, 202, 1, 4.01431e+06, 17.8785
93422, 1122, 2, 1336, 202, 3, 4.01432e+06, 17.4934
93536, 1126, 2, 1338, 203, 2, 4.01431e+06, 17.6951
93654, 1122, 2, 1332, 232, 2, 4.01431e+06, 17.9084
93775, 1113, 2, 1329, 246, 2, 4.01431e+06, 18.0777
93889, 1116, 2, 1324, 269, 2, 4.01431e+06, 18.2458
94007, 1114, 4, 1323, 282, 6, 4.01431e+06, 18.2851
94131, 1107, 2, 1319, 307, 2, 4.01431e+06, 18.3437
94252, 1103, 2, 1318, 305, 2, 4.01431e+06, 18.1361
94366, 1097, 2, 1315, 304, 2, 4.01431e+06, 18.0201
94381, 1096, 2, 1315, 305, 2, 4.01431e+06, 17.9855
94475, 1092, 2, 1313, 328, 2, 4.01431e+06, 17.7093
94596, 1082, 3, 1309, 339, 3, 4.01431e+06, 17.6248
94712, 1075, 2, 1307, 334, 2, 4.01432e+06, 17.4823
94828, 1078, 2, 1306, 341, 2, 4.01431e+06, 17.5752
94947, 1076, 2, 1301, 349, 2, 4.01431e+06, 17.5013
95060, 1080, 2, 1303, 350, 2, 4.01431e+06, 17.8617
95185, 1075, 0, 1301, 325, 0, 4.01432e+06, 17.3944
95306, 1071, 0, 1300, 308, 0, 4.01432e+06, 16.9492
95381, 1069, 0, 1298, 296, 0, 4.01432e+06, 16.8938
95427, 1068, 0, 1295, 296, 0, 4.01432e+06, 16.6937
95551, 1068, 0, 1292, 276, 0, 4.01432e+06, 17.0624
95648, 1061, 0, 1291, 268, 0, 4.01432e+06, 16.5556
