33, 1270, 9, 39368, 26, 9, 4.01433e+06, 0.0604019
113, 1270, 9, 39361, 61, 9, 4.01433e+06, 0.0710051
189, 1271, 10, 39363, 85, 10, 4.01433e+06, 0.0695827
267, 1274, 10, 39353, 98, 10, 4.01433e+06, 0.0754502
350, 1278, 10, 39339, 109, 10, 4.01433e+06, 0.0897464
426, 1278, 10, 39324, 103, 10, 4.01433e+06, 0.0858597
504, 1276, 10, 39322, 114, 10, 4.01433e+06, 0.0914273
582, 1276, 10, 39325, 95, 10, 4.01433e+06, 0.0924698
662, 1282, 12, 39317, 110, 12, 4.01433e+06, 0.0997215
738, 1281, 12, 39314, 142, 12, 4.01433e+06, 0.10904
814, 1282, 12, 39313, 139, 12, 4.01433e+06, 0.120984
890, 1281, 12, 39308, 151, 12, 4.01433e+06, 0.130308
973, 1282, 13, 39307, 136, 13, 4.01433e+06, 0.139433
1001, 1284, 13, 39306, 134, 13, 4.01433e+06, 0.143589
1049, 1287, 13, 39305, 145, 13, 4.01433e+06, 0.147762
1129, 1286, 13, 39302, 143, 13, 4.01433e+06, 0.157621
1201, 1285, 13, 39298, 148, 13, 4.01433e+06, 0.169135
1278, 1289, 14, 39291, 141, 14, 4.01433e+06, 0.182011
1360, 1290, 14, 39282, 149, 14, 4.01433e+06, 0.204243
1438, 1291, 14, 39274, 153, 14, 4.01433e+06, 0.218501
1518, 1291, 14, 39271, 157, 14, 4.01433e+06, 0.240773
1594, 1292, 14, 39271, 161, 14, 4.01433e+06, 0.259127
1669, 1294, 14, 39271, 158, 14, 4.01433e+06, 0.279163
1743, 1295, 14, 39260, 161, 14, 4.01433e+06, 0.293723
1830, 1299, 16, 39254, 168, 16, 4.01433e+06, 0.319138
1920, 1303, 18, 39247, 176, 18, 4.01433e+06, 0.346741
1996, 1302, 17, 39245, 180, 17, 4.01433e+06, 0.367281
2005, 1302, 17, 39244, 185, 17, 4.01433e+06, 0.368771
2071, 1307, 18, 39236, 204, 18, 4.01433e+06, 0.378421
2152, 1309, 18, 39231, 195, 18, 4.01433e+06, 0.401834
2228, 1307, 18, 39210, 223, 18, 4.01433e+06, 0.431244
2308, 1310, 18, 39201, 246, 18, 4.01433e+06, 0.467953
2390, 1314, 19, 39182, 249, 19, 4.01433e+06, 0.505973
2466, 1316, 21, 39169, 247, 21, 4.01433e+06, 0.539109
2539, 1317, 21, 39153, 263, 21, 4.01433e+06, 0.5743
2614, 1322, 21, 39153, 270, 21, 4.01433e+06, 0.620665
2693, 1318, 21, 39138, 287, 21, 4.01433e+06, 0.650232
2771, 1316, 21, 39126, 278, 21, 4.01433e+06, 0.685998
2830, 1316, 21, 39110, 274, 21, 4.01433e+06, 0.709644
2886, 1317, 21, 39101, 267, 21, 4.01433e+06, 0.732404
2953, 1320, 23, 39086, 284, 23, 4.01433e+06, 0.751843
3007, 1321, 23, 39075, 290, 23, 4.01433e+06, 0.774527
3018, 1321, 23, 39074, 295, 23, 4.01433e+06, 0.779093
3092, 1321, 23, 39061, 322, 23, 4.01433e+06, 0.81881
3154, 1320, 23, 39054, 306, 23, 4.01433e+06, 0.859183
3233, 1323, 23, 39030, 339, 23, 4.01433e+06, 0.903414
3300, 1326, 23, 39017, 328, 23, 4.01433e+06, 0.942092
3376, 1327, 25, 39000, 364, 25, 4.01433e+06, 0.989411
3452, 1326, 25, 38970, 364, 25, 4.01433e+06, 1.04349
3527, 1329, 26, 38947, 348, 26, 4.01433e+06, 1.09231
3607, 1331, 26, 38924, 351, 26, 4.01433e+06, 1.15177
3690, 1334, 27, 38910, 373, 27, 4.01433e+06, 1.22618
3767, 1339, 28, 38889, 367, 28, 4.01433e+06, 1.29953
3842, 1339, 28, 38872, 383, 28, 4.01433e+06, 1.368
3919, 1343, 27, 38848, 354, 27, 4.01433e+06, 1.44231
3997, 1348, 27, 38810, 348, 27, 4.01433e+06, 1.5227
4001, 1348, 27, 38809, 352, 27, 4.01433e+06, 1.52424
4076, 1354, 28, 38784, 349, 28, 4.01433e+06, 1.58457
4150, 1356, 28, 38767, 343, 28, 4.01433e+06, 1.64485
4226, 1354, 28, 38753, 375, 28, 4.01433e+06, 1.6857
4307, 1352, 27, 38718, 383, 27, 4.01433e+06, 1.74368
4382, 1352, 27, 38698, 378, 27, 4.01433e+06, 1.79526
4461, 1348, 27, 38683, 379, 27, 4.01433e+06, 1.85705
4551, 1354, 28, 38664, 395, 28, 4.01433e+06, 1.93762
4648, 1352, 29, 38641, 395, 29, 4.01433e+06, 2.03523
4743, 1359, 30, 38612, 400, 30, 4.01433e+06, 2.11341
4841, 1371, 31, 38546, 427, 31, 4.01433e+06, 2.18573
4941, 1370, 34, 38494, 469, 34, 4.01433e+06, 2.2574
5001, 1371, 34, 38467, 463, 34, 4.01433e+06, 2.30203
5038, 1369, 34, 38457, 465, 34, 4.01433e+06, 2.32808
5135, 1369, 34, 38422, 484, 34, 4.01433e+06, 2.39275
5233, 1377, 35, 38394, 493, 35, 4.01433e+06, 2.4716
5323, 1379, 35, 38356, 504, 35, 4.01433e+06, 2.5557
5418, 1393, 36, 38317, 504, 36, 4.01433e+06, 2.6141
5510, 1398, 37, 38264, 493, 37, 4.01433e+06, 2.69344
5600, 1407, 40, 38226, 531, 40, 4.01433e+06, 2.78343
5692, 1410, 40, 38184, 520, 40, 4.01433e+06, 2.8823
5780, 1411, 40, 38139, 560, 40, 4.01433e+06, 2.93899
5868, 1412, 40, 38093, 560, 40, 4.01433e+06, 3.01803
5958, 1405, 40, 38051, 556, 40, 4.01433e+06, 3.12732
6001, 1400, 40, 38032, 540, 40, 4.01433e+06, 3.18011
6051, 1403, 40, 38015, 526, 40, 4.01433e+06, 3.23932
6142, 1410, 40, 37968, 536, 40, 4.01433e+06, 3.34437
6232, 1413, 44, 37928, 529, 44, 4.01433e+06, 3.46657
6325, 1415, 45, 37894, 565, 45, 4.01433e+06, 3.57947
6418, 1411, 45, 37853, 615, 45, 4.01433e+06, 3.68208
6510, 1419, 46, 37812, 598, 46, 4.01433e+06, 3.79031
6602, 1433, 46, 37755, 596, 46, 4.01433e+06, 3.8874
6694, 1437, 48, 37711, 609, 48, 4.01433e+06, 3.98543
6784, 1437, 47, 37667, 598, 47, 4.01433e+06, 4.07083
6875, 1445, 47, 37625, 612, 47, 4.01433e+06, 4.18546
6967, 1447, 49, 37577, 654, 49, 4.01433e+06, 4.29184
7002, 1446, 51, 37556, 656, 51, 4.01433e+06, 4.31454
7061, 1459, 54, 37495, 724, 54, 4.01433e+06, 4.37503
7151, 1470, 56, 37454, 731, 56, 4.01433e+06, 4.50207
7241, 1475, 57, 37413, 744, 57, 4.01433e+06, 4.63786
7332, 1478, 58, 37363, 787, 58, 4.01432e+06, 4.80671
7428, 1486, 60, 37304, 809, 60, 4.01432e+06, 4.96158
7522, 1483, 63, 37244, 817, 63, 4.01432e+06, 5.11737
7613, 1494, 66, 37203, 829, 66, 4.01432e+06, 5.2488
7709, 1498, 67, 37155, 869, 67, 4.01432e+06, 5.41049
7801, 1496, 67, 37130, 891, 67, 4.01432e+06, 5.58583
7895, 1507, 69, 37098, 955, 69, 4.01432e+06, 5.76415
7988, 1514, 68, 37064, 994, 68, 4.01432e+06, 5.90084
8001, 1511, 68, 37059, 964, 68, 4.01432e+06, 5.91972
8083, 1512, 70, 37040, 968, 70, 4.01432e+06, 6.05234
8179, 1514, 70, 37013, 970, 70, 4.01432e+06, 6.22397
8274, 1519, 70, 36971, 966, 70, 4.01432e+06, 6.37554
8368, 1524, 75, 36939, 1039, 75, 4.01432e+06, 6.48057
8464, 1535, 77, 36915, 1055, 77, 4.01432e+06, 6.58186
8559, 1544, 76, 36888, 1081, 76, 4.01432e+06, 6.71657
8652, 1548, 76, 36871, 1085, 76, 4.01432e+06, 6.8775
8744, 1550, 79, 36846, 1120, 79, 4.01432e+06, 6.89543
8839, 1561, 82, 36808, 1144, 82, 4.01432e+06, 6.92673
8932, 1568, 83, 36785, 1152, 83, 4.01432e+06, 6.98455
9003, 1564, 84, 36772, 1153, 84, 4.01432e+06, 7.12681
9024, 1565, 84, 36769, 1158, 84, 4.01432e+06, 7.17586
9115, 1576, 86, 36746, 1182, 86, 4.01432e+06, 7.37537
9208, 1578, 87, 36724, 1193, 87, 4.01432e+06, 7.55481
9298, 1590, 88, 36699, 1246, 88, 4.01432e+06, 7.73017
9390, 1594, 89, 36678, 1229, 89, 4.01432e+06, 7.91189
9481, 1608, 88, 36638, 1221, 88, 4.01432e+06, 8.10831
9573, 1620, 91, 36615, 1238, 91, 4.01432e+06, 8.30556
9665, 1628, 93, 36597, 1250, 93, 4.01432e+06, 8.50123
9761, 1631, 93, 36569, 1278, 93, 4.01432e+06, 8.7634
9852, 1635, 98, 36536, 1288, 98, 4.01432e+06, 8.99965
9944, 1641, 99, 36494, 1302, 99, 4.01432e+06, 9.19364
10002, 1648, 100, 36494, 1316, 100, 4.01432e+06, 9.32906
10037, 1648, 100, 36494, 1357, 100, 4.01432e+06, 9.40947
10130, 1650, 100, 36463, 1303, 100, 4.01432e+06, 9.63454
10221, 1658, 104, 36427, 1319, 104, 4.01432e+06, 9.85166
10321, 1666, 108, 36401, 1351, 108, 4.01432e+06, 10.0776
10403, 1675, 109, 36376, 1337, 109, 4.01432e+06, 10.306
10497, 1681, 112, 36349, 1332, 112, 4.01432e+06, 10.5813
10589, 1678, 117, 36335, 1373, 117, 4.01432e+06, 10.79
10678, 1677, 117, 36319, 1393, 117, 4.01432e+06, 10.869
10772, 1685, 121, 36304, 1435, 121, 4.01432e+06, 11.0734
10862, 1695, 124, 36292, 1448, 124, 4.01432e+06, 11.2597
10953, 1705, 127, 36267, 1509, 127, 4.01432e+06, 11.382
11003, 1706, 127, 36260, 1506, 127, 4.01432e+06, 11.3984
11042, 1710, 127, 36256, 1556, 127, 4.01432e+06, 11.4365
11134, 1713, 129, 36230, 1541, 129, 4.01432e+06, 11.6203
11222, 1720, 134, 36215, 1612, 134, 4.01432e+06, 11.7789
11310, 1738, 139, 36180, 1604, 139, 4.01432e+06, 11.9694
11401, 1738, 142, 36159, 1681, 142, 4.01432e+06, 12.1721
11493, 1746, 147, 36143, 1687, 147, 4.01432e+06, 12.3701
11588, 1761, 151, 36099, 1698, 151, 4.01432e+06, 12.6037
11671, 1761, 152, 36085, 1727, 152, 4.01432e+06, 12.8066
11760, 1775, 156, 36064, 1764, 156, 4.01427e+06, 13.1133
11850, 1785, 157, 36055, 1822, 157, 4.01427e+06, 13.4044
11943, 1784, 161, 36031, 1860, 161, 4.01427e+06, 13.7445
12001, 1790, 161, 36033, 1808, 161, 4.01427e+06, 13.9525
12033, 1788, 161, 36020, 1828, 161, 4.01427e+06, 14.0086
12120, 1810, 164, 36021, 1848, 164, 4.01427e+06, 14.2464
12211, 1829, 170, 36008, 1886, 170, 4.01427e+06, 14.5641
12289, 1850, 175, 36011, 1873, 175, 4.01427e+06, 14.7745
12374, 1855, 180, 35985, 2011, 180, 4.01422e+06, 14.9916
12456, 1871, 188, 35982, 2073, 188, 4.01422e+06, 15.2136
12536, 1882, 191, 35942, 2171, 191, 4.01422e+06, 15.3857
12618, 1900, 196, 35919, 2123, 196, 4.01422e+06, 15.6481
12707, 1914, 200, 35910, 2277, 200, 4.01422e+06, 15.9882
12793, 1930, 203, 35897, 2217, 203, 4.01422e+06, 16.1149
12871, 1948, 207, 35876, 2239, 207, 4.01422e+06, 16.3105
12948, 1949, 209, 35849, 2231, 209, 4.01422e+06, 16.4293
13003, 1963, 214, 35852, 2293, 214, 4.01422e+06, 16.629
13030, 1969, 219, 35826, 2316, 219, 4.01422e+06, 16.6856
13112, 1986, 223, 35817, 2458, 223, 4.01422e+06, 16.9567
13194, 1988, 228, 35806, 2403, 228, 4.01422e+06, 17.2909
13272, 1994, 232, 35779, 2425, 232, 4.01422e+06, 17.6214
13353, 2009, 236, 35756, 2502, 236, 4.01422e+06, 17.9258
13432, 2042, 250, 35765, 2600, 250, 4.01422e+06, 18.2656
13513, 2058, 253, 35735, 2653, 253, 4.01422e+06, 18.5119
13596, 2062, 257, 35707, 2679, 257, 4.01422e+06, 18.6388
13673, 2068, 261, 35710, 2729, 261, 4.01422e+06, 18.8125
13749, 2081, 264, 35711, 2706, 264, 4.01422e+06, 19.0547
13830, 2092, 270, 35687, 2785, 270, 4.01422e+06, 19.0628
13912, 2111, 278, 35670, 2916, 278, 4.01422e+06, 19.2108
13988, 2145, 282, 35629, 2985, 282, 4.01422e+06, 19.2953
14001, 2144, 283, 35624, 2915, 283, 4.01422e+06, 19.3403
14065, 2158, 285, 35594, 2899, 285, 4.01422e+06, 19.5452
14142, 2166, 291, 35558, 2914, 291, 4.01421e+06, 19.8847
14217, 2177, 296, 35539, 2983, 296, 4.01421e+06, 20.1219
14290, 2192, 301, 35514, 2966, 301, 4.01421e+06, 20.282
14354, 2231, 315, 35481, 3108, 315, 4.01421e+06, 20.457
14429, 2256, 321, 35459, 3224, 321, 4.01421e+06, 20.5786
14508, 2266, 327, 35384, 3251, 327, 4.01421e+06, 20.6868
14582, 2291, 340, 35343, 3330, 340, 4.01421e+06, 20.8869
14655, 2325, 348, 35298, 3321, 348, 4.01421e+06, 21.0602
14726, 2336, 354, 35265, 3494, 354, 4.01421e+06, 21.3669
14799, 2358, 367, 35240, 3473, 367, 4.01421e+06, 21.5231
14870, 2375, 372, 35218, 3626, 372, 4.01421e+06, 21.7459
14941, 2393, 385, 35180, 3607, 385, 4.01421e+06, 21.97
15001, 2401, 386, 35154, 3575, 386, 4.01421e+06, 22.1924
15016, 2397, 385, 35148, 3554, 385, 4.01421e+06, 22.2028
15088, 2417, 392, 35119, 3657, 392, 4.01421e+06, 22.2096
15159, 2447, 402, 35084, 3735, 402, 4.01421e+06, 22.4015
15228, 2475, 403, 35044, 3744, 403, 4.01421e+06, 22.6691
15292, 2501, 414, 35010, 3848, 414, 4.01421e+06, 22.8187
15360, 2524, 426, 34955, 3811, 426, 4.01421e+06, 22.896
15428, 2558, 428, 34879, 4005, 428, 4.01421e+06, 23.1569
15500, 2573, 438, 34824, 4123, 438, 4.01421e+06, 23.2988
15568, 2607, 446, 34803, 3993, 446, 4.01421e+06, 23.3897
15636, 2622, 456, 34749, 4016, 456, 4.01421e+06, 23.4955
15703, 2653, 473, 34702, 3970, 473, 4.01421e+06, 23.6192
15769, 2667, 488, 34653, 4050, 489, 4.01421e+06, 23.7573
15826, 2730, 497, 34602, 4248, 497, 4.01421e+06, 23.8898
15888, 2776, 506, 34589, 4315, 506, 4.01421e+06, 24.0897
15953, 2807, 524, 34532, 4388, 524, 4.01421e+06, 24.1385
16002, 2833, 529, 34488, 4378, 529, 4.01421e+06, 24.2516
16013, 2846, 534, 34479, 4476, 534, 4.01421e+06, 24.3088
16072, 2846, 542, 34471, 4578, 542, 4.01421e+06, 24.4119
16136, 2890, 557, 34399, 4677, 557, 4.01421e+06, 24.51
16204, 2915, 559, 34377, 4639, 559, 4.01421e+06, 24.6226
16266, 2947, 575, 34319, 4731, 575, 4.01421e+06, 24.664
16330, 2966, 585, 34242, 4845, 585, 4.01421e+06, 24.8352
16393, 2995, 587, 34134, 4918, 587, 4.01421e+06, 24.9638
16455, 3054, 610, 34089, 4901, 610, 4.01421e+06, 25.2104
16517, 3082, 628, 34052, 4998, 628, 4.01421e+06, 25.4743
16578, 3132, 648, 33990, 5072, 648, 4.01421e+06, 25.591
16640, 3148, 660, 33884, 5272, 660, 4.01421e+06, 25.6219
16704, 3168, 676, 33836, 5257, 676, 4.01421e+06, 25.7035
16766, 3177, 687, 33760, 5385, 687, 4.01421e+06, 25.8149
16827, 3220, 709, 33722, 5400, 709, 4.01421e+06, 25.9771
16890, 3265, 729, 33673, 5517, 729, 4.01421e+06, 26.1295
16950, 3297, 747, 33599, 5611, 747, 4.01421e+06, 26.3595
17001, 3335, 758, 33537, 5611, 758, 4.01421e+06, 26.5939
17009, 3326, 754, 33503, 5785, 754, 4.01421e+06, 26.5663
17068, 3403, 760, 33457, 5742, 760, 4.01421e+06, 26.5248
17129, 3469, 784, 33384, 5809, 784, 4.01421e+06, 26.6691
17187, 3513, 797, 33292, 5783, 797, 4.01421e+06, 26.69
17245, 3554, 813, 33248, 5862, 813, 4.01421e+06, 26.8291
17303, 3592, 829, 33150, 6147, 829, 4.01421e+06, 26.8882
17362, 3643, 851, 33090, 6143, 851, 4.01421e+06, 26.8716
17419, 3657, 870, 33057, 6139, 870, 4.01421e+06, 26.9801
17476, 3710, 875, 33000, 6344, 875, 4.01421e+06, 27.0561
17532, 3736, 910, 32928, 6285, 910, 4.01421e+06, 27.093
17589, 3793, 926, 32832, 6460, 926, 4.01416e+06, 27.2916
17645, 3796, 937, 32720, 6783, 937, 4.01416e+06, 27.5495
17701, 3872, 957, 32675, 6738, 957, 4.01416e+06, 27.6343
17756, 3925, 977, 32600, 7076, 977, 4.01416e+06, 27.7406
17811, 3977, 1009, 32553, 7001, 1009, 4.01416e+06, 27.9989
17864, 4038, 1018, 32515, 7200, 1018, 4.01416e+06, 28.2657
17918, 4068, 1019, 32455, 7286, 1019, 4.01416e+06, 28.3897
17973, 4103, 1034, 32370, 7266, 1034, 4.01416e+06, 28.5022
18002, 4131, 1044, 32337, 7327, 1044, 4.01416e+06, 28.57
18025, 4140, 1052, 32339, 7180, 1052, 4.01416e+06, 28.6617
18078, 4231, 1083, 32316, 7299, 1083, 4.01416e+06, 28.6536
18132, 4240, 1107, 32282, 7414, 1107, 4.01416e+06, 28.8002
18183, 4303, 1124, 32232, 7589, 1124, 4.01416e+06, 28.8407
18235, 4329, 1137, 32135, 7688, 1137, 4.01416e+06, 28.7284
18286, 4373, 1142, 32046, 7814, 1142, 4.01416e+06, 28.7084
18337, 4406, 1164, 31996, 8008, 1164, 4.01416e+06, 28.7624
18389, 4398, 1185, 31865, 8294, 1185, 4.01416e+06, 28.7106
18440, 4427, 1218, 31840, 8420, 1218, 4.01416e+06, 29.0155
18490, 4476, 1229, 31801, 8323, 1229, 4.01415e+06, 29.235
18541, 4494, 1247, 31737, 8408, 1247, 4.01415e+06, 29.304
18591, 4508, 1258, 31714, 8387, 1258, 4.01415e+06, 29.4408
18638, 4566, 1269, 31619, 8789, 1269, 4.01415e+06, 29.5471
18683, 4608, 1282, 31582, 8851, 1282, 4.01415e+06, 29.7893
18731, 4665, 1297, 31514, 8837, 1297, 4.01415e+06, 29.908
18780, 4709, 1307, 31493, 8597, 1307, 4.01415e+06, 30.0898
18827, 4758, 1309, 31397, 8950, 1309, 4.01415e+06, 30.1539
18875, 4769, 1320, 31296, 9057, 1320, 4.01415e+06, 30.2718
18925, 4767, 1331, 31251, 8804, 1331, 4.01415e+06, 30.4556
18973, 4817, 1353, 31245, 8765, 1353, 4.01415e+06, 30.6819
19002, 4869, 1379, 31269, 8848, 1379, 4.01415e+06, 30.649
19020, 4867, 1377, 31258, 8810, 1377, 4.01415e+06, 30.6729
19069, 4910, 1384, 31147, 8962, 1384, 4.01415e+06, 30.6805
19116, 4925, 1404, 31161, 8928, 1404, 4.01415e+06, 30.7424
19161, 5005, 1432, 31109, 8979, 1432, 4.01415e+06, 30.8673
19206, 5028, 1450, 31077, 8987, 1450, 4.01409e+06, 30.9699
19251, 5091, 1469, 31045, 9108, 1469, 4.01409e+06, 31.0271
19293, 5101, 1479, 31020, 9119, 1479, 4.01409e+06, 30.9753
19336, 5155, 1487, 30964, 9337, 1487, 4.01409e+06, 30.9333
19380, 5219, 1516, 30941, 9342, 1516, 4.01409e+06, 30.7522
19424, 5254, 1508, 30840, 9767, 1508, 4.01409e+06, 30.5018
19468, 5272, 1523, 30834, 9577, 1523, 4.01409e+06, 30.573
19511, 5280, 1546, 30672, 9908, 1546, 4.01409e+06, 30.5339
19555, 5283, 1559, 30672, 9776, 1559, 4.01409e+06, 30.4893
19596, 5321, 1574, 30675, 9647, 1574, 4.01409e+06, 30.5447
19638, 5354, 1586, 30679, 9854, 1586, 4.01409e+06, 30.6875
19682, 5355, 1598, 30602, 10197, 1598, 4.01409e+06, 30.7479
19722, 5409, 1634, 30615, 9981, 1634, 4.01409e+06, 30.9439
19766, 5408, 1631, 30471, 10409, 1631, 4.01409e+06, 31.0427
19808, 5405, 1644, 30436, 10386, 1644, 4.01409e+06, 31.0551
19850, 5402, 1652, 30347, 10522, 1652, 4.01409e+06, 30.997
19894, 5456, 1667, 30352, 10228, 1667, 4.01409e+06, 31.0446
19935, 5477, 1694, 30281, 10153, 1694, 4.01409e+06, 30.9414
19978, 5505, 1696, 30229, 10387, 1696, 4.01409e+06, 31.1978
20001, 5520, 1701, 30223, 10309, 1701, 4.01409e+06, 31.2732
20019, 5516, 1695, 30217, 10317, 1695, 4.01409e+06, 31.2772
20061, 5552, 1708, 30173, 10244, 1708, 4.01409e+06, 31.1761
20102, 5525, 1702, 30092, 10702, 1702, 4.01409e+06, 31.2277
20143, 5600, 1721, 30097, 10550, 1721, 4.01409e+06, 31.3364
20186, 5634, 1730, 29962, 10779, 1730, 4.01409e+06, 31.2818
20226, 5627, 1744, 29971, 10392, 1744, 4.01409e+06, 31.2768
20268, 5636, 1746, 29936, 10325, 1746, 4.01409e+06, 31.3461
20310, 5673, 1756, 29894, 10381, 1756, 4.01409e+06, 31.5284
20351, 5745, 1760, 29774, 10837, 1760, 4.01409e+06, 31.6312
20392, 5779, 1792, 29812, 10498, 1792, 4.01409e+06, 31.7366
20432, 5794, 1795, 29710, 10925, 1795, 4.01409e+06, 31.6632
20473, 5794, 1821, 29731, 10783, 1821, 4.01409e+06, 31.7262
20513, 5804, 1844, 29690, 11093, 1844, 4.01409e+06, 31.7404
20553, 5865, 1856, 29710, 10864, 1856, 4.01409e+06, 31.682
20594, 5893, 1864, 29635, 11195, 1864, 4.01409e+06, 31.5447
20634, 5940, 1885, 29641, 10907, 1885, 4.01409e+06, 31.4579
20673, 5985, 1886, 29621, 10925, 1886, 4.01409e+06, 31.6345
20713, 5940, 1902, 29626, 11097, 1902, 4.01409e+06, 31.8234
20753, 5967, 1904, 29506, 11512, 1904, 4.01409e+06, 31.8007
20793, 5969, 1911, 29574, 11125, 1911, 4.01409e+06, 31.8788
20831, 5963, 1904, 29444, 11296, 1904, 4.01409e+06, 31.8931
20871, 6034, 1929, 29539, 11200, 1929, 4.01409e+06, 32.0275
20909, 6036, 1911, 29398, 11619, 1911, 4.01409e+06, 31.8665
20949, 6118, 1950, 29452, 11260, 1950, 4.01409e+06, 31.6707
20988, 6134, 1967, 29441, 11260, 1967, 4.01409e+06, 31.726
21001, 6131, 1959, 29421, 11342, 1959, 4.01409e+06, 31.8001
21026, 6090, 1956, 29381, 11807, 1956, 4.01409e+06, 31.6685
21067, 6115, 1986, 29394, 11596, 1986, 4.01409e+06, 31.6089
21104, 6098, 1968, 29273, 12020, 1968, 4.01409e+06, 31.5303
21143, 6098, 1981, 29217, 12013, 1981, 4.01409e+06, 31.3387
21184, 6138, 2001, 29242, 11976, 2001, 4.01409e+06, 31.4381
21221, 6178, 2009, 29191, 12162, 2009, 4.01409e+06, 31.412
21260, 6194, 2013, 29173, 12112, 2013, 4.01409e+06, 31.3638
21297, 6242, 2038, 29261, 11733, 2038, 4.01409e+06, 31.5872
21337, 6269, 2038, 29181, 11870, 2038, 4.01409e+06, 31.7998
21375, 6303, 2054, 29212, 11770, 2054, 4.01409e+06, 31.921
21412, 6321, 2057, 29204, 11971, 2057, 4.01409e+06, 31.9396
21451, 6360, 2057, 29167, 12052, 2057, 4.01409e+06, 31.9131
21492, 6387, 2064, 29099, 12016, 2064, 4.01409e+06, 31.9294
21531, 6401, 2069, 29074, 11888, 2069, 4.01409e+06, 32.034
21570, 6402, 2076, 29008, 11853, 2076, 4.01409e+06, 31.9877
21608, 6446, 2061, 28983, 12119, 2061, 4.01409e+06, 32.0258
21649, 6513, 2093, 29085, 11936, 2093, 4.01409e+06, 32.2229
21687, 6466, 2109, 29004, 12034, 2109, 4.01409e+06, 32.2308
21726, 6497, 2113, 28938, 12217, 2113, 4.01409e+06, 32.3781
21765, 6497, 2137, 28875, 12257, 2137, 4.01409e+06, 32.579
21805, 6474, 2114, 28820, 12337, 2114, 4.01409e+06, 32.6613
21842, 6449, 2132, 28717, 12552, 2132, 4.01409e+06, 32.3425
21880, 6499, 2146, 28786, 12273, 2146, 4.01409e+06, 32.454
21919, 6510, 2165, 28787, 12321, 2165, 4.01409e+06, 32.5358
21956, 6499, 2171, 28685, 12849, 2171, 4.01409e+06, 32.3293
21992, 6491, 2166, 28674, 12723, 2166, 4.01409e+06, 32.4025
22001, 6498, 2168, 28677, 12830, 2168, 4.01409e+06, 32.4448
22030, 6522, 2178, 28725, 12516, 2178, 4.01409e+06, 32.6134
22066, 6517, 2188, 28734, 12522, 2190, 4.01409e+06, 32.6822
22103, 6501, 2192, 28654, 12839, 2192, 4.01409e+06, 32.6749
22140, 6524, 2199, 28735, 12422, 2199, 4.01409e+06, 32.8018
22177, 6569, 2200, 28740, 12414, 2200, 4.01409e+06, 33.1564
22209, 6593, 2209, 28725, 12507, 2209, 4.01409e+06, 32.9935
22247, 6573, 2209, 28653, 12785, 2209, 4.01409e+06, 32.9132
22285, 6614, 2215, 28725, 12542, 2215, 4.01409e+06, 33.0046
22324, 6612, 2228, 28632, 12756, 2228, 4.01409e+06, 33.1352
22362, 6600, 2261, 28655, 12711, 2261, 4.01409e+06, 33.1509
22400, 6565, 2237, 28581, 12985, 2237, 4.01409e+06, 33.3077
22437, 6634, 2270, 28684, 12622, 2270, 4.01409e+06, 33.2381
22471, 6625, 2261, 28593, 12862, 2261, 4.01409e+06, 33.4003
22503, 6591, 2279, 28590, 12639, 2279, 4.01409e+06, 33.2707
22539, 6664, 2289, 28603, 12759, 2289, 4.01409e+06, 33.3164
22573, 6680, 2282, 28576, 12832, 2282, 4.01409e+06, 33.412
22608, 6703, 2296, 28548, 12947, 2296, 4.01409e+06, 33.1024
22644, 6659, 2295, 28494, 12984, 2295, 4.01409e+06, 33.0011
22679, 6602, 2290, 28435, 13416, 2290, 4.01409e+06, 32.9926
22717, 6639, 2311, 28523, 13099, 2311, 4.01409e+06, 33.1263
22753, 6662, 2300, 28532, 13148, 2300, 4.01409e+06, 33.002
22788, 6720, 2301, 28526, 12859, 2301, 4.01409e+06, 32.9307
22825, 6704, 2303, 28566, 12938, 2303, 4.01409e+06, 32.95
22861, 6690, 2308, 28593, 12870, 2308, 4.01409e+06, 32.9991
22897, 6716, 2328, 28638, 12742, 2328, 4.01409e+06, 33.0338
22933, 6759, 2335, 28614, 13116, 2335, 4.01409e+06, 33.171
22969, 6714, 2332, 28569, 12948, 2332, 4.01409e+06, 33.4456
23002, 6722, 2326, 28518, 13032, 2326, 4.01409e+06, 33.5168
23005, 6732, 2327, 28541, 13026, 2327, 4.01409e+06, 33.5274
23039, 6705, 2316, 28523, 13316, 2316, 4.01409e+06, 33.6309
23073, 6726, 2325, 28508, 12830, 2325, 4.01409e+06, 33.6411
23106, 6736, 2344, 28448, 12999, 2344, 4.01409e+06, 33.4868
23140, 6769, 2336, 28444, 13196, 2336, 4.01409e+06, 33.5832
23177, 6710, 2312, 28273, 13547, 2312, 4.01409e+06, 33.3452
23211, 6736, 2315, 28294, 13141, 2315, 4.01409e+06, 33.4907
23248, 6718, 2327, 28315, 13176, 2327, 4.01409e+06, 33.6446
23285, 6684, 2335, 28230, 13633, 2335, 4.01409e+06, 33.6603
23322, 6693, 2343, 28326, 13303, 2343, 4.01409e+06, 33.7844
23359, 6684, 2358, 28270, 13552, 2358, 4.01409e+06, 33.7403
23396, 6700, 2371, 28152, 13936, 2371, 4.01409e+06, 33.4416
23430, 6737, 2390, 28246, 13339, 2390, 4.01409e+06, 33.4778
23462, 6739, 2368, 28123, 13660, 2368, 4.01409e+06, 33.3697
23497, 6724, 2378, 28234, 13512, 2378, 4.01409e+06, 33.5721
23535, 6720, 2394, 28265, 13306, 2394, 4.01409e+06, 33.5451
23570, 6720, 2386, 28186, 13709, 2386, 4.01409e+06, 33.6731
23605, 6746, 2392, 28283, 13451, 2392, 4.01409e+06, 33.6241
23640, 6791, 2411, 28308, 13429, 2411, 4.01409e+06, 33.5311
23675, 6741, 2397, 28202, 13895, 2397, 4.01409e+06, 33.4266
23707, 6760, 2403, 28260, 13527, 2403, 4.01409e+06, 33.361
23741, 6751, 2399, 28213, 13832, 2399, 4.01409e+06, 33.4015
23778, 6761, 2426, 28242, 13432, 2426, 4.01409e+06, 33.2687
23810, 6716, 2412, 28026, 14052, 2412, 4.01409e+06, 33.1677
23845, 6739, 2423, 28123, 13817, 2423, 4.01409e+06, 33.1856
23880, 6741, 2427, 28149, 13767, 2427, 4.01409e+06, 32.9443
23913, 6771, 2432, 28213, 13634, 2432, 4.01409e+06, 33.0435
23948, 6700, 2405, 28084, 13980, 2405, 4.01409e+06, 32.9882
23981, 6715, 2406, 28093, 14130, 2406, 4.01409e+06, 33.0308
24001, 6743, 2420, 28208, 13617, 2420, 4.01409e+06, 33.1205
24018, 6743, 2432, 28206, 13713, 2432, 4.01409e+06, 33.0381
24052, 6728, 2423, 28223, 13839, 2423, 4.01409e+06, 33.1134
24086, 6772, 2431, 28205, 14188, 2431, 4.01409e+06, 33.1882
24122, 6780, 2420, 28200, 14052, 2420, 4.01409e+06, 33.2077
24156, 6800, 2417, 28243, 13744, 2417, 4.01409e+06, 33.1399
24191, 6780, 2405, 28116, 14109, 2405, 4.01409e+06, 33.1183
24227, 6754, 2390, 28113, 13925, 2390, 4.01408e+06, 33.4097
24261, 6798, 2402, 28235, 13692, 2402, 4.01408e+06, 33.5302
24294, 6764, 2402, 28159, 13631, 2402, 4.01408e+06, 33.5749
24328, 6833, 2395, 28207, 13613, 2395, 4.01408e+06, 33.7124
24362, 6833, 2359, 28140, 14024, 2359, 4.01408e+06, 33.8824
24400, 6892, 2380, 28256, 13510, 2380, 4.01408e+06, 33.9211
24436, 6900, 2375, 28200, 13566, 2375, 4.01408e+06, 33.6491
24469, 6920, 2377, 28213, 13524, 2377, 4.01408e+06, 33.4303
24502, 6899, 2392, 28237, 13609, 2392, 4.01402e+06, 33.3574
24540, 6860, 2391, 28297, 13507, 2391, 4.01402e+06, 33.225
24574, 6892, 2401, 28318, 13726, 2401, 4.01402e+06, 33.3691
24611, 6861, 2392, 28173, 13974, 2392, 4.01402e+06, 33.1349
24649, 6882, 2389, 28232, 13654, 2389, 4.01402e+06, 33.2314
24686, 6813, 2378, 28011, 14170, 2378, 4.01402e+06, 33.381
24722, 6824, 2397, 27994, 14137, 2397, 4.01402e+06, 33.5723
24758, 6797, 2411, 28004, 14113, 2411, 4.01402e+06, 33.6335
24796, 6821, 2422, 28192, 13826, 2422, 4.01402e+06, 33.6105
24832, 6828, 2422, 28146, 13813, 2422, 4.01402e+06, 33.5062
24869, 6811, 2418, 28098, 14144, 2418, 4.01402e+06, 33.6795
24902, 6835, 2419, 28064, 14321, 2419, 4.01402e+06, 33.7297
24936, 6855, 2426, 28081, 13931, 2426, 4.01402e+06, 33.534
24972, 6868, 2432, 28047, 14105, 2432, 4.01402e+06, 33.6029
25001, 6833, 2431, 27895, 14439, 2431, 4.01402e+06, 33.5606
25005, 6872, 2450, 28005, 14094, 2450, 4.01402e+06, 33.5545
25042, 6879, 2431, 28001, 14070, 2431, 4.01402e+06, 33.8571
25079, 6820, 2446, 27962, 14349, 2446, 4.01402e+06, 33.7912
25112, 6862, 2431, 28006, 14448, 2431, 4.01402e+06, 33.7943
25146, 6861, 2435, 28073, 13929, 2435, 4.01402e+06, 33.9744
25182, 6871, 2417, 28051, 13802, 2417, 4.01402e+06, 33.8741
25219, 6803, 2415, 27996, 14101, 2415, 4.01402e+06, 34.0956
25256, 6765, 2420, 27992, 14374, 2420, 4.01402e+06, 34.189
25293, 6747, 2449, 28039, 14128, 2449, 4.01402e+06, 34.1484
25330, 6753, 2447, 28060, 14199, 2447, 4.01402e+06, 33.9605
25365, 6736, 2464, 28116, 13921, 2464, 4.01402e+06, 34.1057
25401, 6803, 2448, 28209, 13879, 2448, 4.01402e+06, 34.2013
25437, 6802, 2472, 28176, 14082, 2472, 4.01402e+06, 34.3188
25474, 6817, 2466, 28224, 14114, 2466, 4.01402e+06, 34.5268
25508, 6796, 2452, 28072, 14329, 2452, 4.01402e+06, 34.3371
25542, 6791, 2455, 28087, 13976, 2455, 4.01402e+06, 34.2898
25578, 6761, 2456, 28030, 13940, 2456, 4.01402e+06, 34.0933
25616, 6777, 2453, 27965, 14410, 2453, 4.01402e+06, 34.245
25652, 6732, 2456, 27845, 14576, 2456, 4.01402e+06, 34.1843
25687, 6769, 2468, 28002, 14154, 2468, 4.01402e+06, 34.2203
25722, 6762, 2490, 27989, 14102, 2490, 4.01402e+06, 34.1878
25758, 6803, 2474, 27967, 14088, 2474, 4.01402e+06, 34.164
25794, 6779, 2477, 27969, 14161, 2477, 4.01402e+06, 34.3642
25829, 6748, 2470, 27885, 14682, 2471, 4.01402e+06, 34.2555
25864, 6803, 2476, 28000, 14312, 2476, 4.01402e+06, 34.3472
25900, 6773, 2489, 27963, 14213, 2489, 4.01402e+06, 34.158
25933, 6771, 2479, 28020, 14194, 2479, 4.01402e+06, 34.2442
25970, 6719, 2463, 27797, 14544, 2463, 4.01402e+06, 34.2095
26001, 6732, 2462, 27850, 14183, 2462, 4.01402e+06, 34.2847
26006, 6713, 2448, 27762, 14631, 2448, 4.01402e+06, 34.3238
26042, 6722, 2454, 27758, 14497, 2454, 4.01402e+06, 34.5625
26079, 6781, 2468, 27833, 14083, 2468, 4.01402e+06, 34.6695
26117, 6727, 2455, 27749, 14410, 2455, 4.01402e+06, 34.5547
26153, 6674, 2471, 27810, 14445, 2471, 4.01402e+06, 34.43
26189, 6708, 2476, 27799, 14557, 2476, 4.01402e+06, 34.6091
26226, 6715, 2497, 27940, 13999, 2497, 4.01402e+06, 34.584
26263, 6737, 2501, 27967, 14178, 2501, 4.01402e+06, 34.533
26300, 6738, 2501, 27850, 14536, 2501, 4.01402e+06, 34.3653
26336, 6730, 2486, 27897, 14807, 2486, 4.01402e+06, 34.3668
26372, 6789, 2493, 28043, 14618, 2493, 4.01402e+06, 34.5109
26409, 6790, 2500, 28095, 14382, 2500, 4.01402e+06, 34.3934
26445, 6747, 2519, 28110, 14385, 2519, 4.01402e+06, 34.4079
26482, 6758, 2504, 28085, 14408, 2504, 4.01402e+06, 34.429
26519, 6726, 2484, 27932, 14633, 2485, 4.01402e+06, 34.0089
26555, 6692, 2480, 27902, 14565, 2480, 4.01402e+06, 33.9881
26591, 6705, 2483, 27903, 14590, 2483, 4.01402e+06, 33.8866
26627, 6700, 2493, 27940, 14663, 2493, 4.01402e+06, 33.8334
26662, 6735, 2487, 27945, 14311, 2487, 4.01402e+06, 33.9649
26698, 6694, 2497, 27872, 14469, 2497, 4.01402e+06, 33.9491
26734, 6689, 2505, 27925, 14313, 2505, 4.01402e+06, 34.0929
26769, 6674, 2520, 27984, 14379, 2520, 4.01402e+06, 34.0693
26806, 6714, 2524, 28040, 14497, 2524, 4.01402e+06, 34.3369
26841, 6719, 2530, 28025, 14441, 2530, 4.01402e+06, 34.3208
26877, 6732, 2534, 28018, 14382, 2534, 4.01402e+06, 34.313
26913, 6732, 2531, 27994, 14445, 2531, 4.01402e+06, 34.2192
26949, 6723, 2523, 27993, 14425, 2523, 4.01402e+06, 34.3723
26984, 6725, 2509, 27889, 14843, 2509, 4.01402e+06, 34.4856
27001, 6768, 2513, 27991, 14364, 2513, 4.01402e+06, 34.6052
27019, 6762, 2497, 27956, 14381, 2497, 4.01402e+06, 34.7418
27056, 6700, 2487, 27832, 14675, 2487, 4.01402e+06, 34.8168
27092, 6669, 2481, 27804, 14709, 2481, 4.01402e+06, 34.8067
27129, 6689, 2508, 27924, 14184, 2508, 4.01402e+06, 34.6723
27164, 6685, 2503, 27868, 14548, 2503, 4.01402e+06, 34.5876
27201, 6698, 2530, 27971, 14292, 2530, 4.01402e+06, 34.6243
27237, 6689, 2510, 27956, 14360, 2510, 4.01402e+06, 34.7295
27274, 6691, 2508, 28014, 14301, 2508, 4.01402e+06, 34.8547
27311, 6681, 2510, 27997, 14771, 2510, 4.01402e+06, 34.9269
27347, 6667, 2524, 27976, 14813, 2524, 4.01402e+06, 34.9613
27383, 6690, 2508, 27949, 14934, 2508, 4.01402e+06, 35.0934
27420, 6747, 2514, 28086, 14394, 2514, 4.01402e+06, 35.2005
27456, 6791, 2514, 28135, 14291, 2514, 4.01402e+06, 35.209
27493, 6810, 2504, 28146, 14485, 2504, 4.01402e+06, 35.1404
27529, 6835, 2520, 28134, 14523, 2520, 4.01402e+06, 35.0532
27565, 6786, 2501, 28032, 14628, 2501, 4.01402e+06, 34.8734
27602, 6732, 2501, 27896, 14845, 2501, 4.01402e+06, 34.6518
27638, 6777, 2484, 27956, 14739, 2484, 4.01402e+06, 34.6912
27674, 6795, 2479, 27964, 14707, 2479, 4.01402e+06, 34.7789
27711, 6816, 2488, 28031, 14211, 2488, 4.01402e+06, 34.6529
27748, 6802, 2502, 28007, 14389, 2502, 4.01402e+06, 34.7574
27776, 6796, 2496, 27946, 14737, 2496, 4.01402e+06, 34.7757
27805, 6796, 2481, 28051, 14278, 2481, 4.01402e+06, 34.8918
27834, 6793, 2493, 28123, 14043, 2493, 4.01402e+06, 34.7623
27863, 6809, 2491, 28042, 14618, 2491, 4.01402e+06, 34.4725
27892, 6834, 2502, 28093, 14282, 2502, 4.01402e+06, 34.46
27921, 6845, 2518, 28131, 14198, 2518, 4.01402e+06, 34.3213
27951, 6826, 2506, 28117, 14269, 2506, 4.01402e+06, 34.112
27980, 6762, 2491, 27992, 14709, 2491, 4.01402e+06, 34.0298
28002, 6786, 2508, 28061, 14269, 2508, 4.01402e+06, 34.0369
28008, 6787, 2497, 28054, 14311, 2497, 4.01402e+06, 34.0209
28038, 6719, 2481, 28005, 14332, 2481, 4.01402e+06, 34.0982
28066, 6708, 2464, 27958, 14433, 2464, 4.01402e+06, 34.304
28096, 6707, 2449, 27925, 14388, 2449, 4.01402e+06, 34.2626
28125, 6715, 2455, 27877, 14308, 2455, 4.01402e+06, 34.2483
28155, 6703, 2466, 27782, 14396, 2466, 4.01402e+06, 34.2901
28184, 6664, 2470, 27722, 14688, 2470, 4.01402e+06, 34.3659
28212, 6665, 2479, 27802, 14391, 2479, 4.01402e+06, 34.4203
28242, 6679, 2482, 27857, 14256, 2482, 4.01402e+06, 34.5938
28272, 6686, 2476, 27915, 14318, 2476, 4.01402e+06, 34.7843
28300, 6696, 2474, 27996, 14482, 2474, 4.01402e+06, 35.0447
28329, 6732, 2481, 27982, 14309, 2481, 4.01402e+06, 35.0772
28359, 6732, 2489, 28002, 14247, 2489, 4.01402e+06, 35.1408
28388, 6717, 2481, 27907, 14661, 2481, 4.01402e+06, 35.1988
28417, 6756, 2476, 28010, 14305, 2476, 4.01402e+06, 35.4668
28445, 6749, 2465, 27981, 14698, 2465, 4.01402e+06, 35.5303
28475, 6743, 2467, 27901, 14670, 2467, 4.01402e+06, 35.5383
28503, 6762, 2478, 28018, 14234, 2478, 4.01402e+06, 35.6526
28531, 6795, 2469, 28032, 14411, 2469, 4.01402e+06, 35.7112
28562, 6760, 2445, 27936, 14671, 2445, 4.01402e+06, 35.6965
28591, 6780, 2446, 27984, 14362, 2446, 4.01402e+06, 35.819
28619, 6756, 2444, 27882, 14764, 2444, 4.01402e+06, 35.7221
28647, 6760, 2461, 27985, 14099, 2461, 4.01402e+06, 35.6273
28677, 6728, 2443, 27896, 14275, 2443, 4.01402e+06, 35.5636
28706, 6756, 2442, 27833, 14529, 2442, 4.01402e+06, 35.6732
28734, 6805, 2446, 27934, 14124, 2446, 4.01402e+06, 35.7157
28762, 6806, 2452, 27941, 14253, 2452, 4.01402e+06, 35.8443
28790, 6754, 2433, 27768, 14701, 2433, 4.01402e+06, 35.6885
28818, 6756, 2445, 27869, 14247, 2445, 4.01402e+06, 35.6666
28845, 6774, 2457, 27926, 14176, 2457, 4.01402e+06, 35.7212
28874, 6741, 2436, 27857, 14502, 2436, 4.01402e+06, 35.8127
28904, 6766, 2451, 27875, 14448, 2451, 4.01402e+06, 35.7892
28932, 6780, 2468, 27936, 14042, 2468, 4.01402e+06, 35.648
28960, 6753, 2466, 27967, 14074, 2466, 4.01402e+06, 35.6255
28989, 6705, 2480, 27955, 13946, 2480, 4.01402e+06, 35.5453
29001, 6700, 2468, 27929, 14047, 2468, 4.01402e+06, 35.4819
29017, 6682, 2464, 27910, 14098, 2464, 4.01402e+06, 35.4714
29045, 6679, 2454, 27842, 14465, 2454, 4.01402e+06, 35.355
29074, 6736, 2452, 27890, 14298, 2453, 4.01402e+06, 35.4386
29101, 6737, 2451, 27828, 14275, 2451, 4.01402e+06, 35.2631
29130, 6720, 2453, 27794, 14180, 2453, 4.01402e+06, 35.0771
29159, 6697, 2440, 27630, 14521, 2440, 4.01402e+06, 35.1955
29186, 6692, 2445, 27596, 14582, 2445, 4.01402e+06, 35.1802
29217, 6695, 2443, 27670, 14171, 2443, 4.01402e+06, 35.1037
29245, 6693, 2441, 27721, 14251, 2441, 4.01402e+06, 35.2851
29274, 6699, 2446, 27729, 14078, 2446, 4.01402e+06, 35.1482
29302, 6691, 2449, 27723, 14209, 2449, 4.01402e+06, 35.2792
29331, 6685, 2467, 27738, 13937, 2467, 4.01402e+06, 35.1241
29359, 6728, 2464, 27732, 14078, 2464, 4.01402e+06, 35.2228
29387, 6684, 2450, 27612, 14497, 2450, 4.01402e+06, 35.0702
29416, 6700, 2453, 27733, 14188, 2453, 4.01402e+06, 35.2052
29444, 6674, 2442, 27690, 14455, 2442, 4.01402e+06, 35.2057
29472, 6726, 2451, 27741, 14001, 2451, 4.01402e+06, 35.1513
29500, 6746, 2443, 27714, 13975, 2443, 4.01402e+06, 35.2959
29529, 6775, 2427, 27745, 13816, 2427, 4.01402e+06, 35.0971
29557, 6816, 2432, 27737, 13900, 2432, 4.01402e+06, 35.1872
29585, 6766, 2421, 27577, 14379, 2421, 4.01402e+06, 35.0868
29614, 6772, 2432, 27665, 14044, 2432, 4.01402e+06, 35.2313
29644, 6747, 2442, 27639, 14112, 2442, 4.01402e+06, 35.13
29673, 6740, 2447, 27638, 14109, 2447, 4.01402e+06, 35.171
29704, 6720, 2449, 27673, 14173, 2449, 4.01402e+06, 35.2632
29731, 6724, 2458, 27713, 14065, 2458, 4.01402e+06, 35.2668
29761, 6722, 2451, 27713, 14183, 2451, 4.01402e+06, 35.1067
29790, 6665, 2453, 27673, 14089, 2453, 4.01402e+06, 35.0245
29820, 6693, 2456, 27694, 13910, 2456, 4.01402e+06, 34.9423
29848, 6680, 2427, 27637, 13981, 2427, 4.01402e+06, 34.9189
29876, 6661, 2425, 27518, 14461, 2425, 4.01402e+06, 34.898
29902, 6698, 2434, 27577, 14189, 2434, 4.01402e+06, 35.0146
29937, 6732, 2453, 27618, 14052, 2453, 4.01402e+06, 34.8303
29971, 6716, 2444, 27553, 14131, 2444, 4.01402e+06, 34.9739
30001, 6650, 2438, 27556, 14171, 2438, 4.01402e+06, 35.0264
30004, 6648, 2441, 27572, 14202, 2441, 4.01402e+06, 35.0385
30039, 6658, 2457, 27603, 14143, 2457, 4.01402e+06, 34.9301
30072, 6654, 2454, 27597, 14169, 2454, 4.01402e+06, 34.8258
30107, 6645, 2445, 27551, 14682, 2445, 4.01402e+06, 34.6553
30135, 6658, 2466, 27651, 14228, 2466, 4.01402e+06, 34.6618
30162, 6705, 2465, 27711, 14173, 2465, 4.01402e+06, 34.7145
30191, 6673, 2449, 27634, 14562, 2449, 4.01402e+06, 34.7982
30218, 6674, 2456, 27564, 14442, 2456, 4.01402e+06, 34.8082
30245, 6667, 2438, 27565, 14534, 2438, 4.01402e+06, 34.5863
30273, 6678, 2452, 27668, 14043, 2452, 4.01402e+06, 34.4907
30301, 6695, 2452, 27689, 14099, 2452, 4.01402e+06, 34.4823
30328, 6727, 2433, 27694, 14182, 2433, 4.01402e+06, 34.4658
30356, 6675, 2444, 27613, 14541, 2444, 4.01402e+06, 34.3168
30384, 6693, 2450, 27731, 14163, 2450, 4.01402e+06, 34.3603
30414, 6717, 2443, 27662, 14201, 2443, 4.01402e+06, 34.3774
30438, 6713, 2444, 27616, 14163, 2444, 4.01402e+06, 34.3651
30458, 6692, 2433, 27523, 14564, 2433, 4.01402e+06, 34.4434
30476, 6687, 2421, 27512, 14553, 2421, 4.01402e+06, 34.5305
30501, 6729, 2458, 27651, 14275, 2458, 4.01402e+06, 34.4886
30522, 6745, 2456, 27681, 14337, 2456, 4.01402e+06, 34.481
30548, 6728, 2435, 27610, 14652, 2435, 4.01402e+06, 34.6295
30578, 6663, 2429, 27586, 14544, 2429, 4.01402e+06, 34.6743
30606, 6694, 2443, 27671, 14175, 2443, 4.01402e+06, 34.8333
30635, 6698, 2434, 27555, 14647, 2434, 4.01402e+06, 34.7707
30665, 6689, 2428, 27524, 14593, 2428, 4.01402e+06, 34.7533
30693, 6727, 2447, 27630, 14029, 2447, 4.01402e+06, 34.6721
30722, 6691, 2436, 27511, 14633, 2436, 4.01402e+06, 34.772
30750, 6700, 2450, 27639, 14203, 2450, 4.01402e+06, 34.8996
30780, 6701, 2457, 27667, 14121, 2457, 4.01402e+06, 35.0669
30808, 6723, 2432, 27632, 14482, 2432, 4.01402e+06, 35.4181
30836, 6713, 2425, 27563, 14721, 2425, 4.01402e+06, 35.4274
30864, 6746, 2445, 27620, 14331, 2445, 4.01402e+06, 35.3755
30895, 6759, 2424, 27601, 14440, 2424, 4.01401e+06, 35.5829
30924, 6728, 2424, 27660, 14155, 2424, 4.01401e+06, 35.5108
30955, 6735, 2420, 27637, 14450, 2420, 4.01401e+06, 35.6539
30981, 6676, 2430, 27643, 14363, 2430, 4.01401e+06, 35.6697
31001, 6661, 2410, 27516, 14641, 2410, 4.01401e+06, 35.8292
31005, 6681, 2421, 27610, 14218, 2421, 4.01401e+06, 35.8188
31032, 6693, 2421, 27623, 14171, 2421, 4.01401e+06, 35.8534
31058, 6689, 2416, 27542, 14644, 2416, 4.01401e+06, 35.9837
31083, 6679, 2431, 27655, 14084, 2431, 4.01401e+06, 35.8364
31112, 6709, 2412, 27591, 14486, 2412, 4.01401e+06, 36.0722
31141, 6638, 2427, 27586, 14210, 2427, 4.01401e+06, 35.9723
31170, 6626, 2424, 27572, 14111, 2424, 4.01401e+06, 35.7806
31200, 6650, 2445, 27589, 13992, 2445, 4.01401e+06, 35.9777
31229, 6611, 2422, 27458, 14666, 2422, 4.01401e+06, 35.9319
31258, 6610, 2423, 27530, 14355, 2423, 4.01401e+06, 36.2047
31283, 6577, 2428, 27462, 14580, 2428, 4.01401e+06, 36.1852
31310, 6637, 2440, 27485, 14575, 2440, 4.01401e+06, 36.1757
31338, 6673, 2474, 27633, 14273, 2474, 4.01401e+06, 36.1511
31362, 6640, 2467, 27657, 14293, 2467, 4.01401e+06, 36.1041
31391, 6579, 2461, 27538, 14701, 2461, 4.01401e+06, 36.1186
31418, 6586, 2460, 27606, 14672, 2460, 4.01401e+06, 36.1253
31447, 6566, 2471, 27629, 14456, 2471, 4.01401e+06, 36.2313
31475, 6595, 2455, 27562, 14686, 2455, 4.01401e+06, 35.9993
31504, 6625, 2463, 27692, 14297, 2463, 4.01401e+06, 36.0639
31534, 6634, 2461, 27589, 14411, 2461, 4.01401e+06, 35.9135
31563, 6620, 2490, 27597, 14255, 2490, 4.01401e+06, 35.5844
31592, 6582, 2480, 27430, 14920, 2480, 4.01401e+06, 35.3598
31621, 6653, 2494, 27537, 14553, 2494, 4.01401e+06, 35.5041
31649, 6638, 2494, 27502, 14675, 2494, 4.01401e+06, 35.4595
31679, 6615, 2484, 27536, 14680, 2484, 4.01401e+06, 35.357
31708, 6597, 2494, 27614, 14368, 2494, 4.01401e+06, 35.5248
31737, 6645, 2507, 27631, 14199, 2508, 4.01401e+06, 35.3481
31766, 6657, 2494, 27588, 14758, 2494, 4.01401e+06, 35.3964
31795, 6701, 2500, 27736, 14391, 2500, 4.01401e+06, 35.4862
31824, 6699, 2507, 27731, 14423, 2507, 4.01401e+06, 35.357
31853, 6698, 2475, 27690, 14690, 2475, 4.01401e+06, 35.2114
31882, 6736, 2461, 27752, 14306, 2461, 4.01401e+06, 35.3091
31911, 6738, 2453, 27676, 14239, 2453, 4.01401e+06, 35.2756
31941, 6728, 2443, 27659, 14285, 2443, 4.01401e+06, 35.3211
31970, 6699, 2421, 27516, 14622, 2421, 4.01401e+06, 35.2801
31999, 6706, 2428, 27549, 14276, 2428, 4.01401e+06, 35.2428
32003, 6688, 2423, 27459, 14526, 2423, 4.01401e+06, 35.1884
32029, 6635, 2437, 27483, 14283, 2437, 4.01401e+06, 35.2098
32058, 6680, 2451, 27463, 13989, 2451, 4.01401e+06, 35.0745
32086, 6651, 2444, 27449, 14256, 2444, 4.01401e+06, 34.9353
32115, 6672, 2454, 27556, 13988, 2454, 4.01401e+06, 34.9582
32145, 6669, 2463, 27540, 14055, 2463, 4.01401e+06, 35.1563
32174, 6654, 2436, 27457, 14506, 2436, 4.01401e+06, 35.1708
32202, 6679, 2447, 27518, 13988, 2447, 4.01401e+06, 35.2446
32230, 6696, 2437, 27472, 14254, 2437, 4.01401e+06, 35.2364
32261, 6650, 2431, 27417, 14623, 2431, 4.01401e+06, 35.1788
32289, 6701, 2448, 27525, 14296, 2448, 4.01401e+06, 35.3699
32318, 6692, 2432, 27437, 14826, 2432, 4.01401e+06, 35.5847
32347, 6688, 2436, 27530, 14371, 2436, 4.01401e+06, 35.7302
32377, 6697, 2432, 27444, 14297, 2432, 4.01401e+06, 35.7511
32406, 6699, 2449, 27439, 14261, 2449, 4.01401e+06, 35.5948
32434, 6678, 2428, 27394, 14370, 2428, 4.01401e+06, 35.652
32464, 6733, 2412, 27416, 14388, 2412, 4.01401e+06, 35.8232
32494, 6730, 2411, 27433, 14295, 2411, 4.01401e+06, 35.8469
32523, 6751, 2414, 27441, 14125, 2414, 4.01401e+06, 35.7997
32551, 6695, 2390, 27402, 14144, 2390, 4.01401e+06, 35.7806
32582, 6674, 2397, 27259, 14597, 2397, 4.01401e+06, 35.6296
32609, 6669, 2403, 27266, 14557, 2403, 4.01401e+06, 35.518
32640, 6656, 2392, 27312, 14248, 2392, 4.01401e+06, 35.4639
32667, 6678, 2402, 27288, 14280, 2402, 4.01401e+06, 35.5803
32698, 6655, 2380, 27241, 14419, 2380, 4.01401e+06, 35.7198
32727, 6658, 2388, 27169, 14275, 2388, 4.01401e+06, 35.5064
32755, 6666, 2370, 27086, 14324, 2370, 4.01401e+06, 35.5534
32784, 6662, 2385, 27101, 14022, 2385, 4.01401e+06, 35.5157
32814, 6657, 2399, 27193, 13978, 2399, 4.01401e+06, 35.7005
32842, 6604, 2373, 27150, 14104, 2373, 4.01401e+06, 35.9247
32871, 6605, 2401, 27174, 14161, 2401, 4.01401e+06, 35.983
32901, 6622, 2399, 27197, 14090, 2399, 4.01401e+06, 35.7833
32930, 6597, 2380, 27099, 14575, 2380, 4.01401e+06, 35.8706
32959, 6594, 2398, 27173, 14118, 2398, 4.01401e+06, 35.9799
32989, 6617, 2411, 27231, 13976, 2411, 4.01401e+06, 35.9622
33001, 6618, 2411, 27239, 14086, 2411, 4.01401e+06, 35.8886
33018, 6622, 2414, 27257, 13801, 2415, 4.01401e+06, 35.6891
33047, 6619, 2396, 27185, 14197, 2396, 4.01401e+06, 35.6293
33075, 6681, 2404, 27286, 13779, 2404, 4.01401e+06, 35.4169
33105, 6643, 2376, 27168, 13800, 2376, 4.01401e+06, 35.3627
33134, 6641, 2360, 27057, 14201, 2360, 4.01401e+06, 35.0578
33163, 6608, 2375, 27153, 13951, 2375, 4.01401e+06, 35.2354
33192, 6566, 2372, 27066, 13999, 2372, 4.01401e+06, 35.227
33222, 6595, 2382, 27089, 13945, 2382, 4.01401e+06, 35.2602
33251, 6596, 2378, 27021, 14290, 2378, 4.01401e+06, 35.3707
33280, 6637, 2381, 27189, 13949, 2381, 4.01401e+06, 35.5235
33311, 6597, 2368, 27095, 14372, 2368, 4.01401e+06, 35.4607
33339, 6599, 2399, 27163, 14046, 2399, 4.01401e+06, 35.5136
33368, 6597, 2384, 27136, 14425, 2384, 4.01401e+06, 35.4673
33397, 6640, 2370, 27175, 13986, 2370, 4.01401e+06, 35.4967
33429, 6674, 2397, 27154, 14002, 2397, 4.01401e+06, 35.5153
33457, 6657, 2370, 27202, 14001, 2370, 4.01401e+06, 35.6281
33486, 6663, 2390, 27215, 13892, 2390, 4.01401e+06, 35.5276
33515, 6635, 2367, 27135, 14388, 2367, 4.01401e+06, 35.6172
33545, 6667, 2370, 27157, 14352, 2370, 4.01401e+06, 35.6426
33573, 6681, 2372, 27196, 13906, 2372, 4.01401e+06, 35.4577
33602, 6688, 2373, 27132, 14381, 2373, 4.01401e+06, 35.4319
33631, 6663, 2382, 27165, 13920, 2382, 4.01401e+06, 35.3314
33660, 6695, 2383, 27170, 13847, 2383, 4.01401e+06, 35.2778
33688, 6718, 2389, 27173, 13974, 2389, 4.01401e+06, 35.3409
33717, 6770, 2382, 27206, 13803, 2382, 4.01401e+06, 35.2565
33747, 6745, 2378, 27114, 13889, 2378, 4.01401e+06, 35.13
33774, 6769, 2379, 27087, 13893, 2379, 4.01401e+06, 35.1915
33803, 6716, 2358, 26942, 14349, 2358, 4.01401e+06, 35.1596
33830, 6701, 2363, 26990, 14402, 2363, 4.01401e+06, 35.2946
33860, 6679, 2365, 27014, 14364, 2365, 4.01401e+06, 35.2177
33889, 6655, 2372, 27111, 14013, 2372, 4.01401e+06, 35.4898
33918, 6653, 2371, 27156, 14077, 2371, 4.01401e+06, 35.4239
33949, 6674, 2383, 27145, 14173, 2383, 4.01401e+06, 35.4941
33977, 6637, 2384, 27013, 14487, 2384, 4.01401e+06, 35.4687
34002, 6668, 2396, 27125, 13947, 2396, 4.01401e+06, 35.513
34005, 6667, 2386, 27129, 13957, 2386, 4.01401e+06, 35.5341
34034, 6610, 2383, 27074, 14362, 2383, 4.01401e+06, 35.6277
34064, 6624, 2381, 27134, 14438, 2381, 4.01401e+06, 35.5408
34092, 6619, 2376, 27147, 13931, 2376, 4.01401e+06, 35.5473
34119, 6663, 2396, 27218, 13878, 2396, 4.01401e+06, 35.7038
34149, 6617, 2394, 27266, 13844, 2394, 4.01401e+06, 35.6192
34178, 6603, 2379, 27166, 14439, 2379, 4.01401e+06, 35.646
34207, 6651, 2390, 27204, 14192, 2390, 4.01401e+06, 35.7829
34235, 6642, 2377, 27116, 14376, 2377, 4.01401e+06, 35.7518
34265, 6653, 2371, 27154, 14225, 2371, 4.01401e+06, 35.7181
34294, 6669, 2382, 27305, 13928, 2382, 4.01401e+06, 35.8621
34321, 6658, 2369, 27266, 13842, 2369, 4.01401e+06, 35.8593
34349, 6635, 2357, 27202, 14091, 2357, 4.01401e+06, 35.799
34379, 6634, 2378, 27142, 14366, 2378, 4.01401e+06, 35.7956
34406, 6654, 2372, 27124, 14391, 2373, 4.01401e+06, 35.8466
34435, 6672, 2359, 27211, 14018, 2359, 4.01401e+06, 35.7956
34463, 6632, 2355, 27116, 14356, 2355, 4.01401e+06, 35.5854
34494, 6671, 2360, 27244, 13864, 2360, 4.01401e+06, 35.6681
34522, 6667, 2369, 27247, 13913, 2369, 4.01401e+06, 35.7159
34552, 6642, 2348, 27107, 13886, 2348, 4.01401e+06, 35.6316
34580, 6647, 2348, 26981, 14322, 2348, 4.01401e+06, 35.2198
34610, 6626, 2362, 26996, 14304, 2362, 4.01401e+06, 35.1253
34639, 6684, 2366, 27174, 13961, 2366, 4.01401e+06, 35.3087
34668, 6657, 2395, 27223, 13966, 2395, 4.01401e+06, 35.2501
34696, 6696, 2375, 27227, 14002, 2375, 4.01401e+06, 35.2557
34725, 6720, 2409, 27170, 14037, 2409, 4.01401e+06, 34.9801
34752, 6690, 2400, 27193, 14111, 2400, 4.01401e+06, 34.8831
34780, 6687, 2386, 27248, 14168, 2386, 4.01401e+06, 34.9294
34809, 6697, 2400, 27317, 14142, 2400, 4.01401e+06, 34.858
34837, 6691, 2373, 27328, 14093, 2373, 4.01401e+06, 35.0262
34864, 6693, 2397, 27348, 14215, 2397, 4.01401e+06, 35.0796
34892, 6693, 2389, 27225, 14509, 2389, 4.01401e+06, 35.0271
34922, 6688, 2367, 27161, 14490, 2367, 4.01401e+06, 34.9148
34949, 6666, 2364, 27164, 14469, 2364, 4.01401e+06, 35.0284
34978, 6722, 2365, 27231, 14073, 2365, 4.01401e+06, 35.2176
35002, 6698, 2349, 27251, 13978, 2349, 4.01401e+06, 35.2447
35007, 6717, 2360, 27259, 13849, 2360, 4.01401e+06, 35.182
35036, 6723, 2341, 27170, 14286, 2341, 4.01401e+06, 35.3519
35064, 6677, 2353, 27183, 13863, 2353, 4.01401e+06, 35.419
35093, 6647, 2348, 27020, 14336, 2348, 4.01401e+06, 35.3178
35123, 6580, 2342, 26997, 14307, 2342, 4.01401e+06, 35.252
35151, 6663, 2385, 27160, 13936, 2385, 4.01401e+06, 35.327
35180, 6626, 2366, 27080, 14388, 2366, 4.01401e+06, 35.3909
35209, 6659, 2377, 27220, 14152, 2377, 4.01401e+06, 35.4887
35238, 6668, 2383, 27220, 13975, 2383, 4.01401e+06, 35.3201
35266, 6664, 2382, 27200, 14127, 2382, 4.01401e+06, 35.3092
35294, 6656, 2376, 27118, 14407, 2376, 4.01401e+06, 35.1576
35324, 6671, 2351, 27109, 14457, 2351, 4.01401e+06, 35.1075
35353, 6694, 2361, 27216, 14043, 2361, 4.01401e+06, 35.1885
35381, 6671, 2354, 27124, 14401, 2354, 4.01401e+06, 35.1543
35409, 6722, 2362, 27158, 14008, 2362, 4.01401e+06, 35.0937
35439, 6721, 2357, 27115, 13967, 2358, 4.01401e+06, 34.9546
35467, 6695, 2362, 27105, 14049, 2362, 4.01401e+06, 35.1601
35495, 6689, 2340, 26991, 14342, 2340, 4.01401e+06, 35.2004
35524, 6675, 2317, 27048, 13976, 2317, 4.01401e+06, 35.3204
35554, 6705, 2324, 27071, 13767, 2324, 4.01401e+06, 35.421
35582, 6725, 2331, 26982, 14086, 2331, 4.01401e+06, 35.3254
35612, 6709, 2309, 27002, 14077, 2309, 4.01401e+06, 35.2985
35639, 6683, 2293, 26905, 14072, 2293, 4.01401e+06, 35.1804
35669, 6673, 2307, 26863, 14126, 2307, 4.01401e+06, 35.2363
35698, 6679, 2317, 26914, 13750, 2317, 4.01401e+06, 35.3767
35728, 6677, 2319, 26928, 13736, 2319, 4.01401e+06, 35.4669
35756, 6646, 2320, 26847, 14181, 2320, 4.01401e+06, 35.4066
35785, 6640, 2324, 26957, 13767, 2324, 4.01401e+06, 35.6879
35814, 6648, 2339, 26987, 13650, 2339, 4.01401e+06, 35.4253
35843, 6621, 2320, 26810, 14172, 2320, 4.01401e+06, 35.3772
35873, 6601, 2326, 26796, 14123, 2326, 4.01401e+06, 35.2199
35901, 6621, 2352, 26954, 13762, 2352, 4.01401e+06, 35.0978
35929, 6648, 2341, 26995, 13826, 2341, 4.01401e+06, 35.2371
35959, 6691, 2329, 27057, 13521, 2329, 4.01401e+06, 35.3442
35988, 6690, 2340, 27026, 13671, 2340, 4.01401e+06, 35.2748
36001, 6695, 2333, 27054, 13609, 2333, 4.01401e+06, 35.372
36017, 6658, 2319, 26930, 14017, 2319, 4.01401e+06, 35.174
36046, 6603, 2319, 26947, 13777, 2319, 4.01401e+06, 35.2085
36076, 6636, 2326, 26880, 13842, 2326, 4.01401e+06, 35.1854
36104, 6608, 2319, 26759, 14254, 2319, 4.01401e+06, 35.1446
36133, 6640, 2315, 26770, 13859, 2315, 4.01401e+06, 35.2293
36162, 6618, 2308, 26727, 13858, 2308, 4.01401e+06, 35.0798
36192, 6586, 2323, 26711, 13807, 2323, 4.01401e+06, 35.2575
36221, 6560, 2300, 26591, 14040, 2300, 4.01401e+06, 35.0238
36249, 6601, 2321, 26747, 13527, 2321, 4.01401e+06, 34.9691
36279, 6570, 2320, 26672, 13552, 2320, 4.01401e+06, 34.7401
36308, 6562, 2302, 26589, 14040, 2302, 4.01401e+06, 34.6393
36337, 6558, 2308, 26745, 13670, 2308, 4.01401e+06, 34.8169
36366, 6599, 2339, 26802, 13501, 2339, 4.01401e+06, 34.7597
36396, 6611, 2338, 26905, 13523, 2338, 4.01401e+06, 34.7989
36425, 6611, 2308, 26889, 13848, 2308, 4.01401e+06, 34.9197
36454, 6632, 2315, 26917, 13470, 2315, 4.01401e+06, 34.9428
36482, 6636, 2308, 26789, 14077, 2308, 4.01401e+06, 34.7528
36513, 6660, 2344, 26775, 13716, 2344, 4.01401e+06, 34.645
36542, 6627, 2324, 26656, 13944, 2324, 4.01401e+06, 34.7571
36570, 6658, 2336, 26772, 13488, 2336, 4.01401e+06, 34.9285
36598, 6606, 2339, 26791, 13618, 2339, 4.01401e+06, 34.8389
36628, 6639, 2347, 26790, 13827, 2347, 4.01401e+06, 34.6853
36656, 6649, 2332, 26783, 14079, 2332, 4.01401e+06, 34.6286
36684, 6688, 2348, 26855, 13633, 2348, 4.01401e+06, 34.5438
36714, 6713, 2343, 26922, 13519, 2343, 4.01401e+06, 34.4883
36742, 6737, 2336, 26898, 13585, 2336, 4.01401e+06, 34.7242
36770, 6718, 2309, 26715, 13916, 2309, 4.01401e+06, 34.4579
36799, 6698, 2320, 26815, 13640, 2320, 4.01401e+06, 34.5536
36828, 6723, 2333, 26771, 13571, 2333, 4.01401e+06, 34.3414
36855, 6744, 2328, 26747, 13716, 2328, 4.01401e+06, 34.1992
36883, 6735, 2313, 26729, 13590, 2313, 4.01401e+06, 34.3878
36912, 6751, 2316, 26647, 13440, 2316, 4.01401e+06, 34.1115
36943, 6732, 2309, 26666, 13605, 2309, 4.01401e+06, 34.4059
36972, 6733, 2330, 26655, 13429, 2330, 4.01401e+06, 34.3048
37001, 6700, 2326, 26582, 13869, 2326, 4.01401e+06, 34.3244
37030, 6684, 2328, 26743, 13615, 2328, 4.01401e+06, 34.3669
37059, 6661, 2350, 26707, 13603, 2350, 4.01401e+06, 34.1086
37087, 6624, 2346, 26716, 13657, 2346, 4.01401e+06, 34.214
37116, 6621, 2363, 26726, 13631, 2363, 4.01401e+06, 34.034
37143, 6585, 2346, 26726, 13655, 2346, 4.01401e+06, 34.1113
37171, 6600, 2331, 26719, 13645, 2331, 4.01401e+06, 34.1347
37199, 6610, 2333, 26655, 14015, 2333, 4.01401e+06, 34.0361
37227, 6670, 2331, 26769, 13511, 2331, 4.01401e+06, 34.0566
37256, 6618, 2321, 26572, 14136, 2321, 4.01401e+06, 33.9169
37285, 6656, 2311, 26696, 13650, 2311, 4.01401e+06, 34.1922
37314, 6708, 2343, 26660, 13704, 2343, 4.01401e+06, 34.0365
37345, 6683, 2325, 26663, 13724, 2325, 4.01401e+06, 34.2816
37375, 6667, 2308, 26645, 13635, 2308, 4.01401e+06, 34.3056
37404, 6640, 2324, 26596, 13724, 2324, 4.01401e+06, 34.114
37425, 6619, 2326, 26561, 13783, 2326, 4.01401e+06, 34.1011
37447, 6641, 2307, 26609, 13907, 2307, 4.01401e+06, 34.3199
37472, 6607, 2292, 26453, 14149, 2292, 4.01401e+06, 34.2432
37496, 6641, 2293, 26513, 14076, 2293, 4.01401e+06, 34.2355
37520, 6667, 2287, 26504, 14095, 2287, 4.01401e+06, 34.286
37549, 6626, 2300, 26578, 13727, 2300, 4.01401e+06, 34.2364
37578, 6574, 2319, 26545, 13807, 2319, 4.01401e+06, 34.3139
37607, 6536, 2316, 26446, 14080, 2316, 4.01401e+06, 34.3657
37635, 6542, 2339, 26539, 13687, 2339, 4.01401e+06, 34.4202
37666, 6524, 2320, 26602, 13833, 2320, 4.01401e+06, 34.5543
37695, 6532, 2325, 26580, 13668, 2325, 4.01401e+06, 34.4243
37723, 6540, 2312, 26566, 13871, 2312, 4.01401e+06, 34.6337
37753, 6553, 2298, 26592, 13844, 2298, 4.01401e+06, 34.6648
37782, 6576, 2322, 26571, 13815, 2322, 4.01401e+06, 34.5063
37811, 6562, 2289, 26425, 14235, 2289, 4.01401e+06, 34.4153
37841, 6567, 2297, 26377, 14233, 2297, 4.01401e+06, 34.534
37871, 6567, 2286, 26366, 14123, 2286, 4.01401e+06, 34.6696
37899, 6567, 2311, 26494, 13730, 2311, 4.01401e+06, 34.406
37928, 6562, 2322, 26437, 14157, 2322, 4.01401e+06, 34.4172
37957, 6567, 2335, 26574, 13943, 2335, 4.01401e+06, 34.3993
37987, 6560, 2333, 26575, 14019, 2333, 4.01401e+06, 34.3935
38001, 6546, 2344, 26556, 13992, 2344, 4.01401e+06, 34.3939
38016, 6576, 2342, 26549, 13942, 2342, 4.01401e+06, 34.4403
38046, 6568, 2347, 26588, 13858, 2347, 4.01401e+06, 34.6357
38076, 6588, 2346, 26625, 13781, 2346, 4.01401e+06, 34.6607
38105, 6543, 2346, 26485, 14214, 2346, 4.01401e+06, 34.6124
38133, 6524, 2360, 26505, 13973, 2360, 4.01401e+06, 34.5621
38163, 6509, 2354, 26577, 13945, 2354, 4.01401e+06, 34.5984
38194, 6508, 2359, 26623, 14147, 2359, 4.01401e+06, 34.6699
38222, 6573, 2363, 26640, 14450, 2363, 4.01401e+06, 34.8827
38250, 6549, 2364, 26729, 13941, 2364, 4.01401e+06, 34.8423
38280, 6577, 2376, 26775, 14153, 2376, 4.01401e+06, 34.8557
38309, 6536, 2340, 26631, 14487, 2340, 4.01401e+06, 34.811
38337, 6584, 2347, 26748, 14096, 2347, 4.01401e+06, 34.9268
38366, 6539, 2312, 26595, 14513, 2312, 4.01401e+06, 34.9603
38397, 6567, 2341, 26576, 14095, 2341, 4.01401e+06, 34.9504
38426, 6537, 2333, 26429, 14517, 2333, 4.01401e+06, 34.8218
38455, 6554, 2341, 26578, 14160, 2341, 4.01401e+06, 35.0171
38483, 6511, 2328, 26454, 14511, 2328, 4.01401e+06, 34.9112
38514, 6585, 2352, 26557, 13971, 2352, 4.01401e+06, 34.9237
38543, 6551, 2330, 26420, 14492, 2330, 4.01401e+06, 35.0214
38573, 6537, 2328, 26424, 14286, 2328, 4.01401e+06, 35.1161
38601, 6525, 2341, 26521, 14066, 2341, 4.01401e+06, 34.9643
38632, 6496, 2335, 26576, 14142, 2335, 4.01401e+06, 35.0253
38661, 6554, 2357, 26624, 14001, 2358, 4.01401e+06, 35.024
38690, 6490, 2332, 26536, 14514, 2332, 4.01401e+06, 35.0217
38718, 6568, 2342, 26628, 14079, 2342, 4.01401e+06, 35.1936
38748, 6535, 2330, 26609, 13959, 2330, 4.01401e+06, 35.4163
38777, 6516, 2323, 26615, 14242, 2323, 4.01401e+06, 35.5921
38805, 6536, 2352, 26698, 13852, 2352, 4.01401e+06, 35.6407
38836, 6552, 2341, 26673, 14007, 2341, 4.01401e+06, 35.7086
38865, 6531, 2334, 26669, 13787, 2334, 4.01401e+06, 35.5582
38894, 6532, 2344, 26621, 14305, 2344, 4.01401e+06, 35.6547
38921, 6581, 2340, 26644, 14303, 2340, 4.01401e+06, 35.7898
38951, 6560, 2335, 26605, 14343, 2335, 4.01401e+06, 35.8636
38980, 6562, 2335, 26720, 14038, 2335, 4.01401e+06, 35.9847
39001, 6538, 2346, 26654, 14027, 2346, 4.01401e+06, 35.9351
39008, 6509, 2343, 26545, 14286, 2343, 4.01401e+06, 35.6845
39037, 6558, 2342, 26657, 14077, 2342, 4.01401e+06, 35.5775
39067, 6524, 2329, 26659, 14177, 2329, 4.01401e+06, 35.5282
39097, 6540, 2315, 26612, 14144, 2315, 4.01401e+06, 35.3824
39126, 6520, 2311, 26622, 13911, 2311, 4.01401e+06, 35.2484
39156, 6534, 2317, 26671, 13949, 2317, 4.01401e+06, 35.3824
39186, 6555, 2327, 26639, 13873, 2327, 4.01401e+06, 35.3417
39215, 6541, 2295, 26488, 14314, 2295, 4.01401e+06, 35.0845
39245, 6521, 2290, 26443, 14308, 2290, 4.01401e+06, 35.0192
39275, 6544, 2297, 26450, 14161, 2297, 4.01401e+06, 35.1079
39304, 6515, 2290, 26522, 14005, 2290, 4.01401e+06, 35.0277
39333, 6570, 2328, 26594, 13895, 2328, 4.01401e+06, 34.9648
39363, 6514, 2315, 26535, 13972, 2315, 4.01401e+06, 34.8169
39392, 6503, 2311, 26481, 14398, 2311, 4.01401e+06, 34.8982
39420, 6514, 2314, 26531, 13979, 2314, 4.01401e+06, 34.9423
